nome,url,cidade,nicho,score,telefone,instagram
Contatos – Passeios de Lancha Em Ilhabela,https://passeiosdelanchaemilhabela.com.br/contatos/,Ilhabela,passeio de lancha,40,11 9 6399-2500,@passeiosdelanchaemilhabela.com.br
Agência de Viagens e Turismo - Passeios em Ilhabela,https://webtur.com/home/,Ilhabela,agência de turismo,0,(12) 3896-6180,@webtur
Webtur Travels - Agência de Viagens e Turismo | Ilhabela SP,https://www.facebook.com/Webtur.Travels/,Ilhabela,agência de turismo,0,+55 12 3896-6519,
Contato e Reserva — Trilhabela Ilhabela | WhatsApp (12) 99122-6986,https://trilhabela.com.br/reservar/,Ilhabela,agência de turismo,0,(12) 99122-6986,@trilhabela
DR7tour - Viagens e Turismo,https://dr7tour.com.br/,Ilhabela,agência de turismo,0,+55 11 91675-7759,@dr7tour.com.br
Turismo Ilhabela | Página Oficial do Turismo de Ilhabela,https://turismoilhabela.com/,Ilhabela,agência de turismo,0,,@turismoilhabela
Contato - Hotel Ilhabela,https://hotelilhabela.com.br/contato/,Ilhabela,pousada,0,+55 (12) 3896-1083,
Pousada Praia do Curral | Pousada em Ilhabela,https://pousadapraiadocurral.com.br/,Ilhabela,pousada,0,(12) 3894-1310,@pousadapraiadocurral.com.br
Pousada das Maritacas,https://www.pousadadasmaritacas.com.br/contato,Ilhabela,pousada,0,(12) 3896-3839,
Contato - Pousada + Bella,https://pousadamaisbella.com.br/contato/,Ilhabela,pousada,0,+55 (12) 3896-3153,@pousadamaisbella.com.br
Alemão Beach Ilhabela | Hotel em Ilhabela,https://alemaobeachilhabela.com.br/,Ilhabela,pousada,0,(12) 99746-9977,@alemaobeachilhabela.com.br
Hospedagem - Associação Comercial e Empresarial de Ilhabela,https://www.acilhabela.com.br/hospedagem-acei,Ilhabela,pousada,0,(12) 99713-5230,@villadoportinho
Contato - Pousada Praia do Curral | Pousada em Ilhabela,https://pousadapraiadocurral.com.br/contato/,Ilhabela,pousada,0,(12) 3894-1310,@praiadocurral
Contato - Pousada Iguana Azul Ilhabela,https://www.pousadaiguanaazul.com.br/contato/,Ilhabela,pousada,0,(12)3894-1034,@hotmail.com
Aquáticos Ilhabela,https://aquaticosilhabela.com.br/,Ilhabela,mergulho,20,(12) 99240-9191,@aquaticosilhabela
Alpha Mergulho Ilhabela (@alpha.mergulho) - Instagram,https://www.instagram.com/alpha.mergulho/,Ilhabela,mergulho,20,,@alpha.mergulho
Alpha Mergulho Ilhabela,https://www.alphamergulho.com.br/,Ilhabela,mergulho,20,(12) 3894-1266,@alphamergulhoilhabela
Alpha Mergulho Ilhabela | Ilhabela SP - Facebook,https://www.facebook.com/alphamergulhoilhabela/,Ilhabela,mergulho,45,,
Contate-nos - Mergulho Litoral,https://mergulholitoralbrasil.com.br/contate-nos,Ilhabela,mergulho,20,(12)99769-3201,@mergulho_litoral
Tipos de Mergulho | Alpha,https://www.alphamergulho.com.br/tiposdemergulho,Ilhabela,mergulho,20,(12) 3894-1266,@alphamergulhoilhabela
Mergulho em Ilhabela - Mergulho Litoral,https://www.mergulholitoralbrasil.com.br/,Ilhabela,mergulho,20,(12)99769-3201,@mergulho_litoral
Trilhabela Turismo — Ecoturismo guiado em Ilhabela/SP,https://trilhabela.com.br/,Ilhabela,trilha ecoturismo,0,(12) 99122-6986,@trilhabela
Ilhabela Guiada | Você merece viver o inesquecível! Uma das ...,https://www.instagram.com/p/DbB6plNOuI3/,Ilhabela,trilha ecoturismo,0,,@rsrc.php
Contato - reservas.ilhaeco.com.br,https://reservas.ilhaeco.com.br/contato,Ilhabela,trilha ecoturismo,0,+55 (12) 997630416,@ilhaecotrips
Ecoturismo em Ilhabela - Travessia Bonete / Castelhanos ...,https://damataecoturismo.com.br/,Ilhabela,trilha ecoturismo,0,,@damataecoturismo
"Passeios em Ilhabela — Trilhas, Cachoeiras, Barco e Mergulho | Trilhabela",https://trilhabela.com.br/passeios/,Ilhabela,trilha ecoturismo,0,(12) 99122-6986,@trilhabela
Scalea Aluguel de lanchas Iates barcos em Ilhabela | ALUGUEL DE LANCHAS,https://scalealanchas.com/,Ilhabela,aluguel de barco,40,+55 (12) 99771-6826,@gmail.com
Suriel Trips – Passeios e Aluguel de Barcos em Ilhabela,https://surieltrips.com.br/,Ilhabela,aluguel de barco,40,(12) 99200-6033,@suriel_trips_
Escola de surf Aloha Ilhabela | Ilhabela SP - Facebook,https://www.facebook.com/100063722305993/,Ilhabela,surf escola,0,,
Bem-vindo à Escola de Kitesurf Ilhabela,https://www.kitesurfilhabela.com.br/,Ilhabela,surf escola,0,(12) 99146-4319,
Kite Surf Ilhabela Escola em ilhabela - ilhabela.plus,https://www.ilhabela.plus/tem/kite-surf-ilhabela-escola/,Ilhabela,surf escola,0,(12) 99146-4319,@kitesurfilhabela
Surf Ilhabela (@surf.ilhabela) • Instagram photos and videos,https://www.instagram.com/surf.ilhabela/,Ilhabela,surf escola,0,(12) 98848-3939,@octaviocampossalles
Kitesurf Ilhabela | Ilhabela SP - Facebook,https://www.facebook.com/kitesurfilhabela.escoladekitesurf/,Ilhabela,surf escola,0,0129914643,
"Kite Surf Ilhabela - Escola De Kitesurf, Windsurf E Wakeboarding",https://br.todosnegocios.com/pt/kite-surf-ilhabela-escola-de-kitesurf-12-99146-4319,Ilhabela,surf escola,0,(12) 99146-4319,
Fale com a BL3 Escola de Iatismo de Ilhabela | Praia da Armação,https://www.bl3.com.br/contato,Ilhabela,surf escola,0,12 99126-7649,@bl3escoladeiatismo
"Kite Surf Ilhabela - Escola De Kitesurf , Windsurf E Wakeboarding",https://www.yellowpages.com.br/phone-55-12991464319-centro-educacional-Ilhabela-BREN3138271.html,Ilhabela,surf escola,0,,
Transfer Ilhabela | Ilhabela SP - Facebook,https://www.facebook.com/TransferIlhabela/about/,Ilhabela,transfer turístico,0,+55 12 3896-6519,@webtur.com
Ilhabela Transfer | Ilhabela SP - Facebook,https://www.facebook.com/IlhabelaTransfer/,Ilhabela,transfer turístico,0,+55 12 3896-6519,@webtur.com
Transfer Ilhabela (@transferilhabela) • Instagram photos and videos,https://www.instagram.com/transferilhabela/,Ilhabela,transfer turístico,0,(12) 99616-5556,@transferilhabela
Transfer Ilhabela - linaturismo.com.br,http://www.linaturismo.com.br/transfer-e-traslado/litoral/transfer-ilhabela,Ilhabela,transfer turístico,0,+55 11 95897-9692,
Agência de Viagens e Turismo - Passeios em Ilhabela - Webtur,https://webtur.com/viagens/,Ilhabela,transfer turístico,0,(12) 3896-6180,@webtur
Transfer Ilhabela | Ever Transfer,https://www.evertransfer.com.br/transfer-ilhabela,Ilhabela,transfer turístico,0,11 91010-7220,@evertransfer
Alê Transfer Ilhabela,https://aletransfer.com.br/,Ilhabela,transfer turístico,0,,
Passeio de Lancha | Pousada Estrela do Mar | Ubatuba,https://www.estreladomarpousada.com.br/lancha-amigos-ubatuba,Ubatuba,passeio de lancha,0,(12) 99132-7732,@lanchaamigosuba
Aluguel de Lanchas em Ubatuba - UG Ubatuba Guide,https://ubatubaguide.com.br/aluguel-lanchas-ubatuba/,Ubatuba,passeio de lancha,0,,
Ubatuba Tour Viagens e Turismo (@ubatubatour) - Instagram,https://www.instagram.com/ubatubatour/,Ubatuba,agência de turismo,0,,@ubatubatour
Contato - Turismo,https://turismo.ubatuba.sp.gov.br/contato/,Ubatuba,agência de turismo,0,(12) 3833-9007,@ubatuba.sp.gov.br
CAMINHOS DAS TRILHAS ecoturismo,https://www.caminhosdastrilhas.tur.br/,Ubatuba,agência de turismo,0,+55(12) 3832-1987,
Ubatuba Ecotur / Ubatuba-SP (@ubatubaecotur) - Instagram,https://www.instagram.com/ubatubaecotur/,Ubatuba,agência de turismo,0,0129910873,@rsrc.php
Secretaria de Turismo tem novo canal de atendimento com população e ...,https://www.ubatuba.sp.gov.br/noticias/turismowpp/,Ubatuba,agência de turismo,0,(12) 3834-1000,@ubatubapref
Fale Conosco I Pousada Kaliman | Ubatuba,https://www.kaliman.com.br/contato-pousada-frente-mar-ubatuba,Ubatuba,pousada,0,+55 (12) 91000-0022,@pousadakaliman.ubatuba
Contato » Pousada Maui,https://pousadamaui.com.br/contato/,Ubatuba,pousada,0,(12) 99659-6056,
Marencanto Pousada • Sua Pousada em Ubatuba - SP,https://marencantopousada.com.br/,Ubatuba,pousada,0,(12) 3842-1746,@marencanto
Pousada Serrate Ubatuba - Bem vindo ao nosso site oficial! Aqui você ...,https://pousadaserrate.com.br/,Ubatuba,pousada,0,(12) 3835-3129,
Contato - Pousada Chilli Brasil,https://pousadachillibrasil.com.br/contato/,Ubatuba,pousada,0,(12) 99746-1039,@pousadachillibrasil
Contato - Pousada Recanto dos Amigos - Perequê Açú - Ubatuba,https://pousadarecantodosamigos.com.br/contato/,Ubatuba,pousada,0,(12) 99118-2778,@pousada.recantodosamigos
Mergulho em Ubatuba e Região - demo.marines-club.com.br,https://demo.marines-club.com.br/mergulho-em-ubatuba-e-regiao,Ubatuba,mergulho,25,(11) 5199-5376,@mymentopro
Marines Mergulho - Mergulho em Ubatuba,https://demo.marines-club.com.br/,Ubatuba,mergulho,20,+55 11 5199-5376,@mymentopro
"Contato - Omnimare - Dive Center, Turismo, Mergulho e ...",https://www.omnimare.com.br/contato/,Ubatuba,mergulho,0,(12) 99734-7003,@omnimaremergulho
Cursos de mergulho - Projeto Bióicos,https://www.bioicos.org.br/dive,Ubatuba,mergulho,25,(12) 99734-7003,@projeto_bioicos
Omnimare – Mergulho & Aventura em Ubatuba SP,https://www.omnimare.com.br/lp/,Ubatuba,mergulho,35,(12) 99734-7003,
CAMINHOS DAS TRILHAS ecoturismo - CONTATO,https://www.caminhosdastrilhas.tur.br/contato,Ubatuba,trilha ecoturismo,0,+55(12) 3832-1987,@gmail.com
"Caminhos Das Trilhas Ecoturismo | Ubatuba SP - FacebookCaminhos das Trilhas - Ecoturismo em UbatubaCAMINHOS DAS TRILHAS ecoturismoPasseios de Aventura em Ubatuba - Caminhos das TrilhasAgência de Ecoturismo Trilhas Ubatuba — Ubatuba, SP | Guia ...Agência de Turismo Ubatuba Ecotur - CONTATO",https://www.facebook.com/CaminhosDasTrilhasUbatuba/,Ubatuba,trilha ecoturismo,0,(12) 99904-6004,@ubatubaecotur
Caminhos das Trilhas - Ecoturismo em Ubatuba,https://reservas.caminhosdastrilhas.tur.br/,Ubatuba,trilha ecoturismo,0,+55 (12) 3832-1987,@caminhos_das_trilhas_ubatuba
Passeios de Aventura em Ubatuba - Caminhos das Trilhas,https://reservas.caminhosdastrilhas.tur.br/contato,Ubatuba,trilha ecoturismo,0,+55 (11) 970916113,@caminhos_das_trilhas_ubatuba
Agência de Turismo Ubatuba Ecotur - CONTATO,https://ubatubaecotur.com.br/contato,Ubatuba,trilha ecoturismo,0,(12)99206-4265,@ubatubaecotur
Aulas de Surf em Ubatuba - Surf Ubatuba,https://surfubatuba.com.br/,Ubatuba,surf escola,0,,@kaue.surfubatuba
Escola de Surf Ondas da Vida — Ubatuba,https://www.escoladesurfubatuba.com.br/,Ubatuba,surf escola,0,,
Escola de Surf DanBoard (@escoladesurfdanboard) - Instagram,https://www.instagram.com/escoladesurfdanboard/,Ubatuba,surf escola,0,0129974300,@escoladesurfdanboard
teste - Surf Ubatuba,https://surfubatuba.com.br/aulas-de-surf-em-ubatuba/,Ubatuba,surf escola,0,,@kaue.surfubatuba
Aloha Surf Escola Ubatuba | Ubatuba SP - Facebook,https://www.facebook.com/100064047459150/,Ubatuba,surf escola,0,12 981413006,
Aulas de Surf em Ubatuba - Escola de Surf,https://surfschool.com.br/,Ubatuba,surf escola,0,,
Telefone Ubatuba Surf - Centro - Ubatuba - Academias - Escolinhas ...,https://colegiosecursos.com.br/sp/ubatuba-surf-centro-ubatuba-academias-escolinhas-clubs-2423383,Ubatuba,surf escola,0,(12) 38321512,
Contato - Agende sua Aula de Surf em Ubatuba,https://surfpointubatuba.com.br/contato/,Ubatuba,surf escola,0,+55 12 99778-1768,@toninhassurfpoint
Transfer Ubatuba - linaturismo.com.br,http://www.linaturismo.com.br/transfer-e-traslado/litoral/transfer-ubatuba,Ubatuba,transfer turístico,0,+55 11 95897-9692,
Setur tem novo canal de atendimento com população e trade turístico,https://www.ubatuba.sp.gov.br/noticias/whatsturismo/,Ubatuba,transfer turístico,0,(12) 3833-9007,@ubatubapref
Setur de Ubatuba lança atendimento via WhatsApp,https://jornalagoralitoralnorte.com.br/setur-ubatuba-atendimento-whatsapp-turismo/,Ubatuba,transfer turístico,0,(12) 3833-9007,
Ubatuba amplia atendimento ao turismo com canal de WhatsApp da Setur,https://www.agoralitoralnorte.com.br/post/66580/ubatuba-amplia-atendimento-ao-turismo-com-canal-de-whatsapp-da-setur,Ubatuba,transfer turístico,0,(12) 3833-9007,@AgoraLitoralNorte
COMTUR - Companhia Municipal de Turismo de Ubatuba,https://comturubatuba.com.br/,Ubatuba,transfer turístico,0,,@comtur_ubatuba
Contato - COMTUR - comturubatuba.com.br,https://comturubatuba.com.br/contato/,Ubatuba,transfer turístico,0,(12) 3833-7006,@comturubatuba.com.br
KAIMARES TURISMO — transporte turístico — Ubatuba/SP,https://www.supertur.com.br/empresa/kaimares-turismo-ltda-ubatuba-sp,Ubatuba,transfer turístico,0,,
Atendimento Comercial e Turístico - UG Ubatuba Guide,https://ubatubaguide.com.br/contato/,Ubatuba,transfer turístico,0,,
Turismo São Sebastião - SP | São Sebastião SP - Facebook,https://www.facebook.com/TurismoSaoSebastiao/,São Sebastião,agência de turismo,0,,
Contato - São Sebastião,https://www.turismosaosebastiao.com.br/entre-em-contato,São Sebastião,agência de turismo,0,(12) 3892-2620,@turismosaosebastiao
Turismo São Sebastião,https://www.turismosaosebastiao.com.br/,São Sebastião,agência de turismo,0,(12) 3892-2620,@turismosaosebastiao
PMSS - Prefeitura Municipal de São Sebastião,https://www.saosebastiao.sp.gov.br/setur.asp,São Sebastião,agência de turismo,0,(12) 3892-2620,@saosebastiao.sp.gov.br.
"Agencia De Turismo em São Sebastião, SP - AppLocal",https://applocal.com.br/empresas/agencia-de-turismo/sao-sebastiao/sp,São Sebastião,agência de turismo,0,,
Descubra o melhor de São Sebastião | São Sebastião Turismo,https://www.saosebaturismo.com.br/,São Sebastião,agência de turismo,0,,
Compare agências de viagens e turismo em São Sebastião - SP e fale por ...,https://www.listamais.com.br/categoria/Bf7D-1848/agencias-de-viagens-e-turismo-em-sao-sebastiao-sp,São Sebastião,agência de turismo,0,1238652545,
"Pousada em São Sebastião, SP | Entre em contato | Chez Louise ...",https://www.louiselouis.com.br/contato,São Sebastião,pousada,0,+55 (12) 3863-2825,@louiselouis.com.br
"Contato | Hotel Pousada Garoupas em São Sebastião, SP",https://www.pousadagaroupas.com.br/contato,São Sebastião,pousada,0,+55 12 3892-2763,@pousada_garoupas
Contatos | Pousada Casarão | São Sebastião,https://www.casaraopousada.com.br/contatos,São Sebastião,pousada,0,(12) 3865-1690,@pousada_casarao
Pousada Ipê - São Sebastião - Bem-vindo à Pousada Ipê,https://pousadaipesaosebastiao.com.br/,São Sebastião,pousada,0,,@pousadaipesaosebastiao
CONTATO - Pousada Villa Blu,https://villablumaresias.com.br/contato/,São Sebastião,pousada,0,+55 12 3865-5074,@pousadavillablu
CONTATO | Pousada Canto Mágico,https://www.pousadacantomagico.com/contato,São Sebastião,pousada,0,(12) 3865-6400,@pousadacantomagico
Scubadodive Mergulho | São Sebastião SP - Facebook,https://www.facebook.com/scubadodive.mergulho/,São Sebastião,mergulho,20,(12) 97403-9903,
MR Mergulho e Aventura - Cursos de Mergulho em São Sebastião,https://www.solutudo.com.br/empresas/sp/s-sebastiao/cursos-de-mergulho/mr-mergulho-e-aventura-21757735,São Sebastião,mergulho,25,(48) 99637-3407,@solutudobrasil
Centro Náutico e Subaquático | São Sebastião/SP (@scubadodivemergulho ...,https://www.instagram.com/scubadodivemergulho/,São Sebastião,mergulho,20,,@rsrc.php
ESCOLA E OPERADORA DE MERGULHO SCUBADODIVE ADVENTURE em São Sebastião ...,https://www.escolasbrasil.com/sobre/escola-e-operadora-de-mergulho-scubadodive-adventure,São Sebastião,mergulho,30,(12) 97403-9903,
Início - Scubadodive Mergulho,https://scubadodive.com.br/,São Sebastião,mergulho,25,(12) 97403-9903,@scubadodivemergulho
Topa viver as aventuras de mergulhar em lugares incríveis. WhatsApp ...,https://www.facebook.com/Diving.Club.br/videos/topa-viver-as-aventuras-de-mergulhar-em-lugares-incríveis-whatsapp-21988649984-m/2284638435642116/,São Sebastião,mergulho,30,21988649984,
Escola e Operadora de mergulho Scubadodive Adventure Turismo,https://www.cylex.com.br/sao-sebastiao-caraguatatuba/escola-e-operadora-de-mergulho-scubadodive-adventure-turismo-13081019.html,São Sebastião,mergulho,20,(12) 97403-9903,
Scubadodive Adventure Escola Náutica - São Sebastião - eNauti,https://enauti.com/escolas/sao-paulo/scubadodive/,São Sebastião,mergulho,20,(12) 97403-9903,@enauticursos
"ECOS DA TRILHA em São Sebastião SP | Fotos, Telefone e WhatsApp",https://www.ferias.tur.br/empresa/1171/ecosdatrilha/,São Sebastião,trilha ecoturismo,0,,
Turismo São Sebastião,https://www.turismosaosebastiao.com.br/ecoturismo,São Sebastião,trilha ecoturismo,0,(12) 3892-2620,@turismosaosebastiao
Eco Adventure TMA | São Sebastião SP - Facebook,https://www.facebook.com/Eco-Adventure-TMA-408254066677001/,São Sebastião,trilha ecoturismo,0,0129821413,
Ecoturismo | Turismo Ecológico em S Sebastião | WhatsApp e telefone,https://www.solutudo.com.br/empresas/sp/s-sebastiao/turismo-ecologico/ecoturismo-415106,São Sebastião,trilha ecoturismo,0,(12) 99746-0866,@solutudobrasil
Trilhas em São Sebastião - São Sebastião - saosebastiao.tur.br,https://saosebastiao.tur.br/web/trilhas-em-sao-sebastiao/,São Sebastião,trilha ecoturismo,0,,
Popeye Passeios | São Sebastião SP | Facebook,https://www.facebook.com/popeyepasseios/,São Sebastião,passeio de barco,40,+55 12 99740-6400,@gmail.com
On Escola de Surf - Praia do Guaecá | São Sebastião - SP,https://www.onescoladesurf.com.br/,São Sebastião,surf escola,0,+55 12 99715-0885,@odarci_teco_nonato_
Contato - On Escola de Surf,https://www.onescoladesurf.com.br/contato/,São Sebastião,surf escola,0,+55 12 99715-0885,@gmail.com
Escola de Surf Raízes - Escola de Esportes Aquáticos em São Sebastião,https://www.solutudo.com.br/empresas/sp/s-sebastiao/escola-de-esportes-aquaticos/escola-de-surf-raizes-418639,São Sebastião,surf escola,0,(12) 99661-1636,@solutudobrasil
Escola Surf Stand Up Boas Ondas - Escolas - Studios de Dança em São ...,https://www.solutudo.com.br/empresas/sp/s-sebastiao/escolas-studios-de-danca/escola-surf-stand-up-boas-ondas-374142,São Sebastião,surf escola,0,(12) 99759-0968,@solutudobrasil
Aula De Surf | Aulas De Yoga - Experiência Litoral | São Paulo,https://www.experiencialitoral.com.br/,São Sebastião,surf escola,0,12) 98170-3008,@experiencia_litoral
"ESCOLA DE SURF | SÃO SEBASTIÃO, SP (@on_escoladesurf) - Instagram",https://www.instagram.com/on_escoladesurf/,São Sebastião,surf escola,0,,@on_escoladesurf
Escola de Surf Meio da Baleia | São Sebastião SP - Facebook,https://www.facebook.com/escoladesurfmeiodabaleia/,São Sebastião,surf escola,0,(11) 99512-9012,@surfmeiodabaleia
Escola De Surf Raízes,https://raizessurf.com.br/escola-de-surf/,São Sebastião,surf escola,0,13 98158-0557,
Transfer São Paulo ⇄ São Sebastião - Tack Turismo,https://tackturismo.com.br/viagem/transfer-sao-paulo-⇄-sao-sebastiao/,São Sebastião,transfer turístico,0,(11) 9 7649-7328,@tackturismo
Táxi para São Sebastião — Transfer de São Paulo | Taxi Nex SP,https://taxinexsp.com.br/taxi-sao-sebastiao/,São Sebastião,transfer turístico,0,(11) 98885-5290,
"RB Transfer | Transporte SP, Litoral Norte e Todo Brasil",https://rbtransfer.online/,São Sebastião,transfer turístico,0,(11) 97965-2391,
Transfer & Receptivo | (71) 99974-2466 WhatsApp | Orçamento,https://transferereceptivo.com.br/fale-conosco/,São Sebastião,transfer turístico,0,,
Transfer Juquehy - São Sebastião - SP - CHM Transportes,https://chmtransportes.com.br/transfer-juquehy-chm-transportes,São Sebastião,transfer turístico,0,+55 19 98178-1751,@chmtransportes
