nome,url,cidade,nicho,telefone,whatsapp,instagram,email,tem_site_proprio,snippet
Passeios De Lancha Em Ilhabela - Ilhabela Atalaia,https://ilhabelaatalaia.com.br/,Ilhabela,passeio de lancha,+55 (12) 99238-8809,https://wa.me/5512992388809,@ilhabelaatalaia,,True,"Entre em contato conosco: Whatsapp Instagram Facebook · +55 (12) 99238-8809 · R. Antonio Carlos dos Reis, 178 - Vila, Ilhabela - SP · Passeios de Lancha & FlexBoat · Somos uma empresa nativa de Ilhabela, caiçaras nascidos e criados na praia."
Passeio de Lancha em Ilhabela | Navegue Temporada,https://naveguetemporada.com/passeio-de-lancha/ilhabela/,Ilhabela,passeio de lancha,(21) 98814-3597,https://wa.me/5521988143597,@naveguetemporada.com.br....,contato@naveguetemporada.com.br,True,"November 18, 2024 - Para reservar o seu passeio de ... confirmação por e-mail ou telefone. Você também pode entrar em contato pelo WhatsApp (21) 98814-3597 ou pelo e-mail contato@naveguetemporada.com.br...."
Contatos – Passeios de Lancha Em Ilhabela,https://passeiosdelanchaemilhabela.com.br/contatos/,Ilhabela,passeio de lancha,11 9 6399-2500,,@passeiosdelanchaemilhabela.com.br,reservas@passeiosdelanchaemilhabela.com.br,False,Ilhabela – SP Tel: 11 9 6399-2500 · reservas@passeiosdelanchaemilhabela.com.br · faça sua reserva · Whatsapp Phone Instagram Facebook Tiktok ·
"Passeios de Lancha em Ilhabela | Privativos, Coletivos e Personalizados",https://lanchaemilhabela.com.br/,Ilhabela,passeio de lancha,,https://wa.me/5511994539543,@lanchaemilhabela,,True,"Reserve agora pelo WhatsApp · A experiência de um passeio de lancha é a melhor forma de conhecer praias paradisíacas, ilhas exclusivas e águas cristalinas. Nossos passeios de lancha privativos e coletivos oferecem conforto, segurança e roteiros personalizados para quem deseja explorar o melhor da Ilhabela."
Contato Wahoo Ilhabela - Passeios de Lancha | Wahoo Ilhabela,https://wahooilhabela.com.br/contato,Ilhabela,passeio de lancha,+55 12 98845-2835,https://wa.me/5512988452835,@wahooilhabela,wahooilhabela@gmail.com,True,"Estamos prontos para ajudar você a agendar seu passeio. Estamos em Ilhabela, prontos para te levar às melhores aventuras no mar."
Passeio de Lancha em Ilhabela SP: Quanto Custa? Onde Fazer?,https://blog.marealtacharter.com.br/custo-do-passeio-de-lancha-em-ilhabela-sp/,Ilhabela,passeio de lancha,,,,,False,"July 4, 2023 - Conte com a Maré Alta Charter para fazer o seu melhor passeio de lancha em Ilhabela SP. Em 2004, a Maré Alta Charter foi criada com o objetivo de democratizar a indústria náutica no Brasil, tornando-a mais acessível do que nunca. Acreditamos que sua experiência em alto mar deve ser uma combinação perfeita de liberdade e plena satisfação. Entre em contato agora mesmo para saber mais e faça a sua reserva pelo WhatsApp!"
Kairós Passeios – Passeios de Lancha em Ilhabela-SP,https://www.kairospasseios.com.br/,Ilhabela,passeio de lancha,12 99112-0067,,,contato@kairospasseios.com.br,True,"Eu e a minha esposa fizemos um passeio de lancha com duração de uma hora por sete praias do litoral Norte de Ilhabela com o João comandando a lancha e sendo guia do passeio, sendo muito amigável e atencioso. Passeio com ótimo custo-benefício, recomendo! ... Um passei muito gostoso, para em nas várias que tem ao redor da Ilhabela e tem uma parada pra mergulho/flutuação. ... Para qualquer dúvida, questionamento, elogio, crítica entre em contato conosco através do formulário ao lado ou pelos números abaixo."
Passeio de Barco em Ilhabela | Ilhabela SP | Facebook,https://www.facebook.com/lanchapedepano/,Ilhabela,passeio de lancha,,,,,False,"City Tour Lancha exclusiva e compartilhada Bonete, Indaiauba, Fome, Eustáquio e Castelhanos. Avistamento de Baleias e Golfinhos. Flexboat Jeep Para orçamento chamar no whatsapp 15-99667-3948."
Passeios em Ilhabela - Atlântico Ilhabela Turismo,https://atlanticoilhabelaturismo.com.br/,Ilhabela,agência de turismo,(11) 99273-1128,https://wa.me/5511992731128,@atlanticoilha,contato@ilhabelacomquel.com.br,True,"Agência de turismo em Ilhabela: Castelhanos de jeep e barco, avistamento de baleia, Bonete, mergulho e lancha privativa. Reserve pelo WhatsApp."
Agência de Viagens e Turismo - Passeios em Ilhabela,https://webtur.com/home/,Ilhabela,agência de turismo,(12) 3896-6180,,@webtur,contato@webtur.com,True,"Agência de Viagens e Turismo - Passeios em Ilhabela - Jeeps, Escuna, Lancha, Flexboat, Locação de Bicicletas. Passagens aéreas, hotéis, transfers...."
Webtur Travels - Agência de Viagens e Turismo | Ilhabela SP,https://www.facebook.com/Webtur.Travels/,Ilhabela,agência de turismo,+55 12 3896-6519,,,,False,"Webtur Travels - Agência de Viagens e Turismo, Ilhabela. 34,184 likes · 16 talking about this · 2,365 were here. Agência de Viagens e Turismo Tel: +55 12 3896-6519 Whatsapp: +55 12 99616-5556 Email:..."
Contato | Eva Turismo Ilhabela,https://www.evaturismoemilhabela.com.br/contato,Ilhabela,agência de turismo,,,@evaturismoemilhabela,vaturismoemilhabela@gmail.com,True,"Contato Entre em contato conosco para mais informações sobre nossos passeios turísticos, aluguel de lanchas e pacotes especiais. Estamos ansiosos para atendê-lo e proporcionar a melhor experiência em turismo em Ilhabela, SP."
Contato e Reserva — Trilhabela Ilhabela | WhatsApp (12) 99122-6986,https://trilhabela.com.br/reservar/,Ilhabela,agência de turismo,(12) 99122-6986,https://wa.me/5512991226986,@trilhabela,,True,"Ecoturismo guiado em Ilhabela com guia credenciado pelo PEIB. Trilhas, travessias, cachoeiras, barco, 4x4, mergulho e observação de baleias."
DR7tour - Viagens e Turismo,https://dr7tour.com.br/,Ilhabela,agência de turismo,+55 11 91675-7759,,@dr7tour.com.br,atendimento@dr7tour.com.br,True,"DR7tour Viagens e Turismo Rua Olimpio Leite da Silva, nº 38 - sala 06 Perequê, Ilhabela/SP | CEP 11630-000 Fone: +55 11 91675-7759 | WhatsApp:+55 12 99152-7174 atendimento@dr7tour.com.br| www.DR7tour.com.br AGÊNCIA Home"
Turismo Ilhabela | Página Oficial do Turismo de Ilhabela,https://turismoilhabela.com/,Ilhabela,agência de turismo,,https://wa.me/5512988920066,@turismoilhabela,,True,"Descubra as regiões da ilha, localize praias, trilhas, restaurantes, hospedagens e planeje seus roteiros com facilidade. Turismo Ilhabela!"
Contato - Hotel Ilhabela,https://hotelilhabela.com.br/contato/,Ilhabela,pousada,+55 (12) 3896-1083,,,reservas@hotelilhabela.com.br,True,"June 21, 2021 - +55 (12) 3896-1083 · Av. Pedro Paula de Moraes, 151 Saco da Capela - Ilhabela - São Paulo - Brasil · Facebook · Tripadvisor · Contato · Fale Conosco · Preencha o formulário abaixo para entrar em contato Os campos marcados com * são ..."
Pousada Praia do Curral | Pousada em Ilhabela,https://pousadapraiadocurral.com.br/,Ilhabela,pousada,(12) 3894-1310,,@pousadapraiadocurral.com.br,contato@pousadapraiadocurral.com.br,True,"September 18, 2024 - Telefones: (12) 3894-1310 | +55 (12) 3894-1310 (WhatsApp) Email: contato@pousadapraiadocurral.com.br · Av. Jose Pacheco do Nascimento, 7835 - Praia do Curral Ilhabela, São Paulo - Brasil · Razão Social: 15.115.392/0001-01 S."
Pousada das Maritacas,https://www.pousadadasmaritacas.com.br/contato,Ilhabela,pousada,(12) 3896-3839,,,contato@pousadadasmaritacas.com.br,True,"Entre em contato conosco para mais informações sobre a Pousada · Endereço: Av. Princesa Isabel, nº 1788 Perequê - Ilhabela - SP - Brasil Telefone: (12) 3896-3839 - (12) 99744-7787 WhatsApp (12) 99744-7787"
Contato - Pousada + Bella,https://pousadamaisbella.com.br/contato/,Ilhabela,pousada,+55 (12) 3896-3153,,@pousadamaisbella.com.br,reservas@pousadamaisbella.com.br,False,"July 4, 2019 - Av. Almirante Tamandaré, 385 Itaquanduba - Ilhabela - SP - Brasil Lado Norte da Ilha · Sua opinião é muito importante para nós! Telefone: +55 (12) 3896-3153 WhatsApp: +55 (12) 97410-9667 E-mail: reservas@pousadamaisbella.com.br Check-in: a partir das 16hs Check-out: até as 14h"
Alemão Beach Ilhabela | Hotel em Ilhabela,https://alemaobeachilhabela.com.br/,Ilhabela,pousada,(12) 99746-9977,,@alemaobeachilhabela.com.br,reservas@alemaobeachilhabela.com.br,True,"June 6, 2024 - Telefone: (12) 3894 9290 / (12) 3894 9380 / Whatsapp: (12) 99746-9977 · reservas@alemaobeachilhabela.com.br · Av. Riachuelo, 6926 - Ilhabela a 500m da Praia do Curral · Home · A Pousada · Acomodações · Galerias · Blog · Privacidade ..."
Hospedagem - Associação Comercial e Empresarial de Ilhabela,https://www.acilhabela.com.br/hospedagem-acei,Ilhabela,pousada,(12) 99713-5230,,@villadoportinho,,True,"Riachuelo, 3.860 - Portinho Tel.: (12) 99713-5230 Instagram: @villadoportinho · HOSTEL · HOSTEL DA VILA Rua São Benedito, 202 - Centro Site: www.hosteldavilailhabela.com.br WhatsApp: (12) 99669-5866 · CHALÉS · BANGALÔ ILHABELA Rua João ..."
Contato - Pousada Praia do Curral | Pousada em Ilhabela,https://pousadapraiadocurral.com.br/contato/,Ilhabela,pousada,(12) 3894-1310,,@praiadocurral,contato@pousadapraiadocurral.com.br,True,"September 1, 2024 - Preencha o formulário abaixo para entrar em contato Os campos marcados com * são obrigatórios · Av. Jose Pacheco do Nascimento, 7835 - Praia do Curral Ilhabela, São Paulo - Brasil ... Av. Jose Pacheco do Nascimento, 7835 - Praia do Curral Ilhabela, São Paulo - Brasil · Razão Social: 15.115.392/0001-01 S. M. COVAS · © 2026 POUSADA ..."
Contato - Pousada Iguana Azul Ilhabela,https://www.pousadaiguanaazul.com.br/contato/,Ilhabela,pousada,(12)3894-1034,,@hotmail.com,reservasiguana@hotmail.com,True,"January 28, 2019 - Rua Conde D'eu Nº 102 Bairro Bexiga (entre a Praia Grande e Praia do Curral) Ilhabela - SP · (12)3894-1034 | (12)3894-1150 · reservasiguana@hotmail.com · × WhatsApp"
Aquáticos Ilhabela,https://aquaticosilhabela.com.br/,Ilhabela,mergulho,(12) 99240-9191,,@aquaticosilhabela,,True,"No primeiro não tivemos sucesso com a visibilidade do mar, mas assim que fiz contato com a agência, eles remarcaram sem custo, e então, fizemos um mergulho incrível com muitos peixes, estrelas, ouriços e tartarugas maravilhosas!"
Alpha Mergulho Ilhabela (@alpha.mergulho) - Instagram,https://www.instagram.com/alpha.mergulho/,Ilhabela,mergulho,,,@alpha.mergulho,,True,"12K Followers, 4,069 Following, 463 Posts - Alpha Mergulho Ilhabela (@alpha.mergulho) on Instagram: ""🤿 Estrutura em frente ao mar 🌎 Batismo/Credenciado/Cursos PADI 📍 Ilhabela, SP 📲 WhatsApp: ⬇️"""
Alpha Mergulho Ilhabela,https://www.alphamergulho.com.br/,Ilhabela,mergulho,(12) 3894-1266,,@alphamergulhoilhabela,,True,"Nossa loja está localizada bem de frente a Praia do Portinho, em Ilhabela - São Paulo. Também conhecida como Santuário Marinho, pois conta com várias espécies de peixes, tartarugas e arraias."
Alpha Mergulho Ilhabela | Ilhabela SP - Facebook,https://www.facebook.com/alphamergulhoilhabela/,Ilhabela,mergulho,,,,,False,Chame no WhatsApp e reserve sua experiência. Alpha Mergulho Ilhabela is at Ilhabela Litoral Norte - SP - Brasil. 🌊 Turma promocional Open Water Diver • 30 e 31 de maio 🤿 Seu primeiro passo para mergulhar em qualquer lugar do mundo. 🌎 📩 Últimas vagas disponíveis!
Contate-nos - Mergulho Litoral,https://mergulholitoralbrasil.com.br/contate-nos,Ilhabela,mergulho,(12)99769-3201,,@mergulho_litoral,contato@mergulholitoralbrasil.com.br,True,Deseja se aventurar na ILHABELA? Nos chame no WhatsApp e comece sua aventura!
Tipos de Mergulho | Alpha,https://www.alphamergulho.com.br/tiposdemergulho,Ilhabela,mergulho,(12) 3894-1266,,@alphamergulhoilhabela,,True,"Alpha Mergulho Ilhabela Av. Riachuelo, 3875 - Portinho, Ilhabela - SP, 11630-000 Telefone: (12) 3894-1266 Whatsapp: (12) 9 9605-5299 Menu InÃcio Tipos de Mergulho"
Mergulho em Ilhabela - Mergulho Litoral,https://www.mergulholitoralbrasil.com.br/,Ilhabela,mergulho,(12)99769-3201,,@mergulho_litoral,contato@mergulholitoralbrasil.com.br,True,"Somos especialistas em proporcionar as melhores experiências de mergulho em Ilhabela e passeios. Com uma equipe altamente qualificada e apaixonada, estamos comprometidos em oferecer momentos inesquecíveis sob as águas cristalinas desta deslumbrante região costeira."
Trilhabela Turismo — Ecoturismo guiado em Ilhabela/SP,https://trilhabela.com.br/,Ilhabela,trilha ecoturismo,(12) 99122-6986,https://wa.me/5512991226986,@trilhabela,,True,"Ecoturismo guiado em Ilhabela com guia credenciado pelo PEIB. Trilhas, travessias, cachoeiras, barco, 4x4, mergulho e observação de baleias."
Ilhabela Guiada | Você merece viver o inesquecível! Uma das ...,https://www.instagram.com/p/DbB6plNOuI3/,Ilhabela,trilha ecoturismo,,,@rsrc.php,,True,"Ao explorar o Parque Estadual de Ilhabela, você irá viver a verdadeira experiência do ecoturismo. São cerca de 270km² de área preservada, com fauna e flora abundantes, cenários incríveis, cachoeiras deliciosas, e toda paz que você precisa para se conectar com a natureza."
Contato - reservas.ilhaeco.com.br,https://reservas.ilhaeco.com.br/contato,Ilhabela,trilha ecoturismo,+55 (12) 997630416,https://wa.me/5512997630416,@ilhaecotrips,ilhaecotrips@gmail.com,True,Precisa de ajuda? Entre em contato por e-mail ou WhatsApp. Estamos aqui para ajudar!
Ecoturismo em Ilhabela - Travessia Bonete / Castelhanos ...,https://damataecoturismo.com.br/,Ilhabela,trilha ecoturismo,,,@damataecoturismo,,True,Falar com Atendente 1 Saiba mais sobre os Eventos da Da.Ma.Ta Saiba mais sobre os Eventos da Da.Ma.Ta Ecoturismo.
"Passeios em Ilhabela — Trilhas, Cachoeiras, Barco e Mergulho | Trilhabela",https://trilhabela.com.br/passeios/,Ilhabela,trilha ecoturismo,(12) 99122-6986,https://wa.me/5512991226986,@trilhabela,,True,"O ponto de encontro é combinado com o guia pelo WhatsApp, de acordo com o passeio escolhido e onde você está hospedado em Ilhabela. ... Fica tranquilo: você não precisa reservar. As trilhas e cachoeiras ficam dentro do Parque Estadual de Ilhabela (PEIB) e exigem reserva de entrada, mas o guia faz todo esse trâmite pra você. É só entrar em contato pelo WhatsApp."
Aluguel de Barco em Ilhabela (SP),https://naveguetemporada.com/aluguel-de-barco/ilhabela/,Ilhabela,aluguel de barco,+55 21 98814-3597,https://wa.me/5521988143597,@naveguetemporada,contato@naveguetemporada.com.br,True,"June 1, 2026 - Aluguel de barco em Ilhabela: viva experiências exclusivas no mar com lanchas, iates e veleiros. Reserve já!"
Scalea Aluguel de lanchas Iates barcos em Ilhabela | ALUGUEL DE LANCHAS,https://scalealanchas.com/,Ilhabela,aluguel de barco,+55 (12) 99771-6826,,@gmail.com,scalealanchas@gmail.com,False,"Contato +55 (12) 99771-6826 (12) 99771-6826 scalealanchas@gmail.com · Av. Princesa Isabel, 683, 683, Loja 1, Perequê . Ilhabela/SP, 11630-000"
Suriel Trips – Passeios e Aluguel de Barcos em Ilhabela,https://surieltrips.com.br/,Ilhabela,aluguel de barco,(12) 99200-6033,,@suriel_trips_,surieltripsilhabela@gmail.com,False,"Nossos veículos são periodicamente vistoriados, respeitando e atendendo todas as normas de segurança e legislação vigente, possuindo também seguro para passageiros Entre em contato Whatsapp: (12) 99200-6033 Siga nas Redes Sociais: @suriel_trips_ E-mail: surieltripsilhabela@gmail.com"
Aluguel de Lancha em Ilhabela - Passeios privativos de barco,https://arquipelagoilhabela.com.br/mandacaru-passeios/,Ilhabela,aluguel de barco,1299034678,,@gmail.com,contato.heramktdigital@gmail.com,True,"August 26, 2024 - Mandacaru é uma agencia de passeios ... 1299034678 Site: Site: http://www.passeiosdebarcoilhabela.com.br E-mail: contato.heramktdigital@gmail.com Fale no Whatsapp Redes Sociais: Siga o Portal Arquipélago Ilhabela nas Mídias Sociais ·..."
Aluguel de Lancha em Ilhabela,https://naveguetemporada.com/aluguel-de-barco/ilhabela/lancha/,Ilhabela,aluguel de barco,+55 21 98814-3597,https://wa.me/5521988143597,@naveguetemporada,contato@naveguetemporada.com.br,True,"May 8, 2026 - Veja todos os barcos ... Converse conosco por WhatsApp, telefone ou e-mail para consultar disponibilidade, valores e tirar suas dúvidas. ... Após aprovar o orçamento e realizar o pagamento, você recebe uma confirmação da sua reserva. ... No dia marcado, embarque com tranquilidade e desfrute de uma experiência inesquecível a bordo. Ilhabela tem mais de 40 praias e diversas ilhas ao redor."
Aluguel de Barco no Litoral de SP,https://naveguetemporada.com/aluguel-de-barco/sao-paulo/,Ilhabela,aluguel de barco,+55 21 98814-3597,https://wa.me/5521988143597,@naveguetemporada,contato@naveguetemporada.com.br,True,"May 8, 2026 - Entre em contato agora mesmo pelo WhatsApp da Navegue Temporada e solicite um orçamento sem compromisso. Atendemos os principais destinos do litoral paulista, como Ilhabela, Guarujá, Bertioga, Ubatuba, Santos e São Sebastião."
"Aluguel de iate em Ilhabela | Maré Alta Charter: Aluguel de Barco, Lancha, Iate e Veleiro",https://marealtacharter.com.br/destino/aluguel-de-iate-em-ilhabela/,Ilhabela,aluguel de barco,,,,,True,"Ao visitar o site da Maré Alta Yatch Charter, os clientes são levados a conhecer todas as regalias deste evento luxuoso, contando com apoio de consultores especializados. A contratação do aluguel de iate em Ilhabela pode ser feita de forma rápida, online e sem burocracia. Com quase 15 anos de experiência, a Maré Alta Yatch Charter tem um portal completo, que intermedia o contato entre clientes e proprietários de iates."
Blue Charter Brasil | Locação barcos | Passeios em Ilhabela,https://bluecharter.com.br/,Ilhabela,aluguel de barco,(12) 99614-2885,,@bluecharter.com.br,contato@bluecharter.com.br,True,"April 4, 2026 - Whatsapp · contato@bluecharter.com.br · Tel. (12) 99614-2885 | (12) 99614-2885 · Av. Alm. Tamandaré, 304 - loja 02 - Itaquanduba, Ilhabela - SP · © 2026 Blue Charter Brasil | Locação barcos | Passeios em Ilhabela - Todos os direitos ..."
Passeios de Barco em Ilhabela: Roteiros Incríveis para Conhecer Praias Escondidas,https://www.ilhabela.com.br/dicas/passeios-de-barco-em-ilhabela-roteiros-incriveis-para-conhecer-praias-escondidas/,Ilhabela,passeio de barco,,https://wa.me/5512992091007,@ilhabelacombr,,True,"February 24, 2025 - Não perca a chance de explorar as praias escondidas de Ilhabela, especialmente em dias de calor. Reserve seu passeio agora pelo WhatsApp e garanta uma experiência inesquecível em meio à natureza!"
Passeio de Barco em Ilhabela,https://naveguetemporada.com/passeio-de-barco/ilhabela/,Ilhabela,passeio de barco,+55 21 98814-3597,https://wa.me/5521988143597,@naveguetemporada,contato@naveguetemporada.com.br,True,"July 1, 2025 - Para mais opções de passeio de barco em Ilhabela, entre em contato via WhatsApp."
Passeios de Barco em Ilhabela - Praias do Bonete e Castelhanos,https://arquipelagoilhabela.com.br/marcelo-passeios-ilhabela/,Ilhabela,passeio de barco,(12) 98156-8209,,@arquipelagoilhabela,,True,"September 7, 2022 - • Praia dos Castelhanos • Praia ... Agende seu passeio e desfrute de momentos inesquecíveis. Telefone para contato: (12) 98156-8209 Instagram: Marcelo Passeios E-mail: Fale no Whatsapp Redes Sociais:..."
Ilha Eco - Passeios e Aventuras,https://ilhaeco.com.br/home/,Ilhabela,passeio de barco,+55 (12) 99763-0416,,@ilhaecotrips,ilhaecotrips@gmail.com,True,"August 6, 2025 - Viva o melhor de Ilhabela! Contato Descubra Ilhabela por Terra e Mar. Embarque com a gente por todos os destinos deste paraíso! Avistamento de Baleias Temporada Limitada Saiba mais DESTAQUE Praia de Castelhanos Super Boat Saiba mais Barco Praia do Bonete Super Boat Saiba mais Barco Passeios de Barco 610 reviews ★★★★★ 5/5 Lorem ipsum […]"
Passeios em Ilhabela | Maremar Turismo,https://maremar.tur.br/,Ilhabela,passeio de barco,(12) 3896-1783,,@maremarilhabela,,True,"Somos os pionerios em turismo receptivo em Ilhabela desde 1991. Atuamos no segmento com todos equipamentos próprios, onde passam por rigorosas manutenções preventivas para garantir ao máximo de segurança, qualidade e padronizações. NOSSA MISSÃO É GERAR INTERATIVIDADE ENTRE O HOMEM ..."
Conheça o passeio de barco privativo em Ilhabela! | Marina Imperial,https://marinaimperial.com.br/passeio-de-barco-privativo-em-ilhabela/,Ilhabela,passeio de barco,,,,,False,"May 18, 2022 - Em nossa marina você encontra tudo que precisa para seu passeio de barco em Ilhabela, como lanchas modernas, espaçosas e muito confortáveis, marinheiros experientes para levar você e sua família com segurança até Ilhabela e as dicas da nossa equipe para definir o seu roteiro até a ilha. Tire suas dúvidas sobre o passeio de barco com nossa equipe através do WhatsApp."
Shalom Passeios | Passeios de Barco em Ilhabela - SP,https://shalompasseiosilhabela.com.br/,Ilhabela,passeio de barco,,,,,False,Entre em contato para personalizar seu passeio. ... Não é obrigatório saber nadar. Fornecemos coletes salva-vidas para todos os passageiros e as paradas para banho são em águas calmas e rasas. Nossa equipe está sempre atenta para garantir sua segurança. ... O ponto de encontro é na praia Saco da Capela em Ilhabela. Enviamos a localização exata via WhatsApp após a confirmação da reserva.
Escola de surf Aloha Ilhabela | Ilhabela SP - Facebook,https://www.facebook.com/100063722305993/,Ilhabela,surf escola,,,,,False,"Escola de surf Aloha Ilhabela, Ilhabela. 13 likes. Aulas de surf para crianças, jovens e adultos"
Bem-vindo à Escola de Kitesurf Ilhabela,https://www.kitesurfilhabela.com.br/,Ilhabela,surf escola,(12) 99146-4319,,,kitesurfilhabelaoficial@gmail.com,True,"A KSI é uma empresa sediada na praia do Perequê em Ilhabela, com mais de 20 anos prestando serviços ao kitesurf, equipe de instrutores capacitados e equipamentos para todos as condições. Pra quem ja sabe o que quer. Cobre aulas para iniciantes e velejadores avançados. Um final de semana é ideal."
Kite Surf Ilhabela Escola em ilhabela - ilhabela.plus,https://www.ilhabela.plus/tem/kite-surf-ilhabela-escola/,Ilhabela,surf escola,(12) 99146-4319,https://wa.me/5512991464319,@kitesurfilhabela,,True,"Kite Surf Ilhabela Escola Rua Possidonio Gomes da Silva, 71 - Perequê Não verificado Visão geral Localização Avaliações (12) 99146-4319 www.kitesurfilhabela.com.br"
Surf Ilhabela (@surf.ilhabela) • Instagram photos and videos,https://www.instagram.com/surf.ilhabela/,Ilhabela,surf escola,(12) 98848-3939,,@octaviocampossalles,,True,🌊📷 Fotos de surf e tudo mais relacionado ao oceano. Siga tbm @octaviocampossalles e @larissa_pantanal para fotos de natureza. ️ (12) 98848-3939
Kitesurf Ilhabela | Ilhabela SP - Facebook,https://www.facebook.com/kitesurfilhabela.escoladekitesurf/,Ilhabela,surf escola,0129914643,,,,False,Entre em contato pelo nosso site www. kitesurfilhabela.com.br (e cadastre-se ) Ou pelo WhatsApp 012991464319 (Diogo Prado) Descontos exclusivos somente para esta semana de aniversário. Ótimo dia a todos e bons ventos! #kitesurf #kiteboarding #kite #kiteboarder #kitesurfing #kitelife #K_S_I_ #kitesurf_ilhabela #kitesurfin #kitesurfbrasil # ...
"Kite Surf Ilhabela - Escola De Kitesurf, Windsurf E Wakeboarding",https://br.todosnegocios.com/pt/kite-surf-ilhabela-escola-de-kitesurf-12-99146-4319,Ilhabela,surf escola,(12) 99146-4319,,,,False,"Há um contato principal do Kite Surf Ilhabela - Escola De Kitesurf, Windsurf E Wakeboarding? Você pode contatar a Kite Surf Ilhabela - Escola De Kitesurf, Windsurf E Wakeboarding por telefone usando o número (12) 99146-4319."
Fale com a BL3 Escola de Iatismo de Ilhabela | Praia da Armação,https://www.bl3.com.br/contato,Ilhabela,surf escola,12 99126-7649,https://wa.me/5512991267649,@bl3escoladeiatismo,bl3@bl3.com.br,True,"BL3 Escola de Iatismo de Ilhabela, desde 1994 formando velejadores, com 4 bases: BL3 Armação, BL3 Oceano, BL3 Empresas e Armação dos Ventos Pousada. Oferecemos Cursos de Vela, Aulas de kitesurf, windsurf, iatismo. Clínicas de vela para crianças e adolescentes. Curso de Arrais Amador e mais."
"Kite Surf Ilhabela - Escola De Kitesurf , Windsurf E Wakeboarding",https://www.yellowpages.com.br/phone-55-12991464319-centro-educacional-Ilhabela-BREN3138271.html,Ilhabela,surf escola,,,,,False,"Pode visitar a sede da Kite Surf Ilhabela - Escola De Kitesurf , Windsurf E Wakeboarding. Se quiser chegar até ela, dirija-se ao endereço: Rua Posidonio Gomes da SIlva, 71, 11630-000 Ilhabela, Brasil."
Transfer Ilhabela | Ilhabela SP - Facebook,https://www.facebook.com/TransferIlhabela/about/,Ilhabela,transfer turístico,+55 12 3896-6519,,@webtur.com,contato@webtur.com,False,"Transfer Ilhabela, Ilhabela. 8 likes. Agência de Viagens e Turismo Tel: +55 12 3896-6519 Whatsapp: +55 12 99616-5556 Email: contato@webtur.com"
Ilhabela Transfer | Ilhabela SP - Facebook,https://www.facebook.com/IlhabelaTransfer/,Ilhabela,transfer turístico,+55 12 3896-6519,,@webtur.com,contato@webtur.com,False,"Ilhabela Transfer, Ilhabela. 4 likes. Agência de Viagens e Turismo Tel: +55 12 3896-6519 Whatsapp: +55 12 99616-5556 Email: contato@webtur.com"
Transfer Ilhabela (@transferilhabela) • Instagram photos and videos,https://www.instagram.com/transferilhabela/,Ilhabela,transfer turístico,(12) 99616-5556,,@transferilhabela,contato@webtur.com,True,"222 Followers, 62 Following, 15 Posts - Transfer Ilhabela (@transferilhabela) on Instagram: ""Webtur Travels - Transfers, Pacotes,Cruzeiros,Passagens, Hotéis,Passeios #Ilhabela🇧🇷 📱Whatsapp (12) 99616-5556 ️ contato@webtur.com"""
Transfer Ilhabela - linaturismo.com.br,http://www.linaturismo.com.br/transfer-e-traslado/litoral/transfer-ilhabela,Ilhabela,transfer turístico,+55 11 95897-9692,,,,True,"Como Funciona o Transfer para Ilhabela? Solicite seu orçamento - Entre em contato informando o local de saída e horário desejado. Escolha o veículo ideal - Temos opções para viagens individuais, em casal, famílias ou grupos maiores. Aproveite a viagem - Nossa equipe cuida de tudo para que você chegue ao seu destino com tranquilidade."
Agência de Viagens e Turismo - Passeios em Ilhabela - Webtur,https://webtur.com/viagens/,Ilhabela,transfer turístico,(12) 3896-6180,,@webtur,contato@webtur.com,True,"Agência de Viagens e Turismo - Pacotes Nacionais, Internacionais, Cruzeiros Marítimos, Passagens Aéreas, Hotéis, Transfers e muito mais!"
Transfer Ilhabela | Ever Transfer,https://www.evertransfer.com.br/transfer-ilhabela,Ilhabela,transfer turístico,11 91010-7220,,@evertransfer,,True,"Entre em contato com a Ever Transfer Aeroporto de Guarulhos pelo telefone, WhatsApp ou formulário de reserva online e solicite seu Transfer para Ilhabela com conforto, segurança e pontualidade."
Alê Transfer Ilhabela,https://aletransfer.com.br/,Ilhabela,transfer turístico,,https://wa.me/5512991670714,,,True,"A modalidade TRANSFER chegou na Ilhabela para inovar, diversificar e contribuir com a mobilidade urbana. Empresa de TRANSPORTE DE PASSAGEIROS que atua em corridas pontuais no perímetro de Ilhabela e região, TRASLADOS para aeroportos e outras cidades, PASSEIOS e GUIA de TURISMO. Solicite o serviço e desfrute de toda comodidade, segurança, conforto e profissionalismo. Atendemos hotéis ..."
Passeio de Lancha | Pousada Estrela do Mar | Ubatuba,https://www.estreladomarpousada.com.br/lancha-amigos-ubatuba,Ubatuba,passeio de lancha,(12) 99132-7732,,@lanchaamigosuba,contatoestreladomar@outlook.com,True,"Estamos à disposição para maiores esclarecimentos, não fique de fora dessa! Entre em contato e faça já sua reserva: Whatsapp: (12) 99132-7732 Facebook: Lancha Amigos Ubatuba ..."
Passeio de Lancha em Ubatuba: ROTEIROS NATURAM,https://naturam.com.br/passeio-lancha-ubatuba/,Ubatuba,passeio de lancha,,,,,True,"September 23, 2022 - Estaremos na praia grande e podemos nos deslocar para onde saem os passeios. Estaremos em Ubatuba de 18 até 20/12. Obrigada Responder · Olá! Entre em contato as lanchas que indicamos na página para fazer um orçamento (Clique aqui e fale pelo WhatsApp da Lancha Amigos)."
Passeio De Lancha em Ubatuba | Passeios Mahalo,https://www.passeiosmahalo.com/,Ubatuba,passeio de lancha,+55 (12) 99775-6203,,@passeiosmahalo,passeiosmahalo@gmail.com,True,"Já imaginou em conhecer Ubatuba de um ângulo diferente a bordo de nossas lanchas Mahalo? temos diversos roteiros personalizado, temos o roteiro dos seus sonhos praias e ilhas secretas, o que significa que nossos clientes descobrirão algo novo ao fazerem um passeio nas lanchas Mahalo. Dê uma olhada no que nós oferecemos e entre em contato para fazer um passeio em uma de nossas lanchas."
Alegria Passeios de Lancha Ubatuba,https://www.alegriapasseiosdelanchaubatuba.com/,Ubatuba,passeio de lancha,,,@passeiodelanchaubatuba,,True,WhatsApp - Entre em Contato · Início: Instagram · Avaliações · WhatsApp · 12 99675 3815 · Instagram · Contato ·
Aluguel de Lancha Ubatuba - Samsara Charter,https://samsaracharter.com.br/,Ubatuba,passeio de lancha,+55 (12) 99771-8588,https://wa.me/5512997718588,@samsaracharter,,True,"April 17, 2026 - Dicas Sobre Passeios de Lancha em Ubatuba · WhatsApp +55 (12) 99771-8588 · Dicas Sobre Lanchas · A Ilha Anchieta · Sobre Nós · Contato"
Lancha Amigos Ubatuba | Aluguel de Lancha em Ubatuba,https://www.lanchaamigosubatuba.com.br/,Ubatuba,passeio de lancha,(12) 99115-3352,,@lanchaamigosuba,contato@lanchaamigosubatuba.com.br,True,"February 12, 2025 - Cada vez mais encantada com Ubatuba😍. Passeio maravilhoso com @lanchaamigosuba super recomendo! Tudo simplesmente perfeito! ... Amamos o passeio de lancha, foi tudo perfeito, com o bebê deu super certo. Obrigada 😍 em uma próxima entraremos em contato. ... Atendimento excepcional do Daniel que nos atendeu inicialmente pelo WhatsApp é só finalizou quando embarcamos."
Aluguel de Lanchas em Ubatuba - UG Ubatuba Guide,https://ubatubaguide.com.br/aluguel-lanchas-ubatuba/,Ubatuba,passeio de lancha,,,,,False,"August 3, 2021 - Contatos de empresas que operam e oferecem passeios em outros locais de Ubatuba, com roteiros diversificados. Lilian e Fábio Embarcações: Lanchas Saída: Lázaro Destinos/Serviços: Táxi Boat para as Praias: 7 Fontes, Fortaleza, Cedro do Sul, Bonete e para a Ilha Anchieta Passeios de Banana Boat, Tours Panorâmicos 10 e 12 praias de lancha Enviar WhatsApp"
Passeio de Lancha em Ubatuba | Lancha Privativa e Mergulho,https://mergulhoubatuba.com.br/,Ubatuba,passeio de lancha,(12) 99118-2384,https://wa.me/5512991182384,@atlantida_aquaturismo,,True,"March 11, 2026 - Resposta rápida • Atendimento direto pelo WhatsApp · VER DATAS DISPONIVEIS! ... 🚤✨ Explore Ubatuba com nossos passeios de lancha e mergulho autônomo. Viva uma aventura inesquecível!"
Ubatuba Tour Viagens e Turismo (@ubatubatour) - Instagram,https://www.instagram.com/ubatubatour/,Ubatuba,agência de turismo,,,@ubatubatour,,True,"3,144 Followers, 2,300 Following, 209 Posts - Ubatuba Tour Viagens e Turismo (@ubatubatour) on Instagram: ""Agência de turismo em Ubatuba SP - Brasil Contato - whatsapp 12 - 991477045 @andredinizubatuba"""
Contato - Turismo,https://turismo.ubatuba.sp.gov.br/contato/,Ubatuba,agência de turismo,(12) 3833-9007,,@ubatuba.sp.gov.br,secretariadeturismo@ubatuba.sp.gov.br,True,"Secretaria Municipal de Turismo Telefone: (12) 3833-9007 E-mail: secretariadeturismo@ubatuba.sp.gov.br Horário: Todos os dias da semana, das 8h às 17h Endereço: Avenida Iperoig, nº. 214, Centro, Ubatuba-SP, CEP 11.680-000 Centro de Informações Turísticas Telefone: (12) 3833-9007 E-mail: secretariadeturismo@ubatuba.sp.gov.br"
CAMINHOS DAS TRILHAS ecoturismo,https://www.caminhosdastrilhas.tur.br/,Ubatuba,agência de turismo,+55(12) 3832-1987,,,caminhosdastrilhas@gmail.com,True,A Agência Caminhos Das Trilhas é uma Operadorade Turismo receptiva localizada em Ubatuba litoral Norte de São Paulo.
Ubatuba Ecotur / Ubatuba-SP (@ubatubaecotur) - Instagram,https://www.instagram.com/ubatubaecotur/,Ubatuba,agência de turismo,0129910873,,@rsrc.php,,True,"️ Criamos experiências que fortalecem e despertam conexão e liberdade.🏝Trilhas e Passeios de Praias, Ilhas e Cachoeiras📲: 012991087300 WhatsApp."
Secretaria de Turismo tem novo canal de atendimento com população e ...,https://www.ubatuba.sp.gov.br/noticias/turismowpp/,Ubatuba,agência de turismo,(12) 3834-1000,,@ubatubapref,,True,"A Secretaria de Turismo de Ubatuba (Setur) iniciou o mês de fevereiro com uma novidade: a pasta agora conta com uma alternativa para o atendimento ao público, que pode entrar em contato pelo aplicativo Whatsapp pelo número 3833-9007."
Fale Conosco I Pousada Kaliman | Ubatuba,https://www.kaliman.com.br/contato-pousada-frente-mar-ubatuba,Ubatuba,pousada,+55 (12) 91000-0022,,@pousadakaliman.ubatuba,reservas.ubatuba@kaliman.com.br,True,"Entre em contato com a Pousada Kaliman Ubatuba! Tire suas dúvidas, faça reservas ou solicite informações. Teremos prazer em atender você."
Contato » Pousada Maui,https://pousadamaui.com.br/contato/,Ubatuba,pousada,(12) 99659-6056,,,contato@pousadamaui.com.br,True,"Saiba mais sobre a pousada, tarifas e reservas. Entre em contato conosco."
Marencanto Pousada • Sua Pousada em Ubatuba - SP,https://marencantopousada.com.br/,Ubatuba,pousada,(12) 3842-1746,,@marencanto,,True,"(12) 3842-1746 Marencanto Pousada É com a Marencanto Pousada que você viverá uma experiência inesquecível na famosa Praia do Lázaro, em Ubatuba, litoral norte de São Paulo. Na Marencanto Pousada a combinação da Mata Atlântica e a vista do mar proporcionam uma experiência encantadora."
Pousada Serrate Ubatuba - Bem vindo ao nosso site oficial! Aqui você ...,https://pousadaserrate.com.br/,Ubatuba,pousada,(12) 3835-3129,https://wa.me/551238353129,,pousadaserrate@gmail.com,True,"Para realizar a reserva, nós solicitamos um pré-pagamento de 50% do valor e o restante acertariam no check-in. O procedimento é realizado através de um atendimento personalizado, via whatsapp."
Contato - Pousada Chilli Brasil,https://pousadachillibrasil.com.br/contato/,Ubatuba,pousada,(12) 99746-1039,,@pousadachillibrasil,comercial@pousadachillibrasil.com.br,True,Entre em contato através do formulário abaixo e logo responderemos a sua mensagem. Com ótima localização aqui você estara proximo de varias atrações e comércios de ubatuba.
Contato - Pousada Recanto dos Amigos - Perequê Açú - Ubatuba,https://pousadarecantodosamigos.com.br/contato/,Ubatuba,pousada,(12) 99118-2778,https://wa.me/5512991182778,@pousada.recantodosamigos,recantodosamigospousada@gmail.com,True,"Entre em contato com a Pousada Recanto dos Amigos para informações, dúvidas e reservas."
Mergulho em Ubatuba e Região - demo.marines-club.com.br,https://demo.marines-club.com.br/mergulho-em-ubatuba-e-regiao,Ubatuba,mergulho,(11) 5199-5376,https://wa.me/551151995376,@mymentopro,,True,"Jul 30, 2026 · Explore as maravilhas subaquáticas de Ubatuba em um mergulho emocionante e seguro, perfeito para iniciantes. Nossas águas abrigam tartarugas, polvos, arraias e centenas de espécies de peixes coloridos."
Marines Mergulho - Mergulho em Ubatuba,https://demo.marines-club.com.br/,Ubatuba,mergulho,+55 11 5199-5376,,@mymentopro,,True,"Perguntas Frequentes Caso sua dúvida não seja respondida, estamos sempre à disposição pelo WhatsApp ou pelo nosso formulário de contato."
Atlântida Aqua-Turismo – Passeios de lancha e mergulho em Ubatuba,https://reservas.mergulhoubatuba.com.br/,Ubatuba,mergulho,+55 (12) 991182384,,@atlantida_aquaturismo,,True,"2 days ago · Descubra Ubatuba com a Atlântida Aqua-Turismo: passeios de lancha, mergulho certificado e roteiros exclusivos para uma experiência única no litoral norte."
"Contato - Omnimare - Dive Center, Turismo, Mergulho e ...",https://www.omnimare.com.br/contato/,Ubatuba,mergulho,(12) 99734-7003,,@omnimaremergulho,contato@omnimare.com.br,True,"A Omnimare é uma operadora e escola de mergulho 5 estrelas da PADI em Ubatuba, SP. Com estrutura completa incluindo pousada e agência de turismo."
Cursos de mergulho - Projeto Bióicos,https://www.bioicos.org.br/dive,Ubatuba,mergulho,(12) 99734-7003,https://wa.me/5512997347003,@projeto_bioicos,contato@omnimare.com.br,True,"Estamos no mercado desde 1990 oferecendo alegrias, diversão e aventuras inesquecíveis através do mergulho. Temos cursos de todos os níveis, saídas de mergulho e viagens."
Omnimare – Mergulho & Aventura em Ubatuba SP,https://www.omnimare.com.br/lp/,Ubatuba,mergulho,(12) 99734-7003,https://wa.me/5512997347003,,,True,Pronto para mergulhar? Preencha ao lado e um de nossos consultores entrará em contato pelo WhatsApp para montar a experiência ideal para você.
CAMINHOS DAS TRILHAS ecoturismo - CONTATO,https://www.caminhosdastrilhas.tur.br/contato,Ubatuba,trilha ecoturismo,+55(12) 3832-1987,,@gmail.com,caminhosdastrilhas@gmail.com,True,CONTATOS whatsapp +55(12) 3832-1987 Fixo +55(11) 97091-6113 Filipe Cassucci +55(11) 99616-8556 Eliete Feliz e-mail: caminhosdastrilhas@gmail.com
"Caminhos Das Trilhas Ecoturismo | Ubatuba SP - FacebookCaminhos das Trilhas - Ecoturismo em UbatubaCAMINHOS DAS TRILHAS ecoturismoPasseios de Aventura em Ubatuba - Caminhos das TrilhasAgência de Ecoturismo Trilhas Ubatuba — Ubatuba, SP | Guia ...Agência de Turismo Ubatuba Ecotur - CONTATO",https://www.facebook.com/CaminhosDasTrilhasUbatuba/,Ubatuba,trilha ecoturismo,(12) 99904-6004,,@ubatubaecotur,,False,"Com aproximadamente 1.160 metros de altitude, proporciona uma vista panorâmica espetacular do litoral norte, da Mata Atlântica preservada, das praias e das montanhas da Serra do Mar. A trilha é considerada de nível avançado, indicada para pessoas com bom condicionamento físico e que buscam desafios, aventura e contato genuíno com a natureza. Uma trilha desafiadora que revela praias secretas, natureza exuberante e paisagens de tirar o fôlego, perfeita para os amantes de aventura e contato total com o verde! Atendemos grupos de excursão em Ubatuba com nosso serviço de receptivo na cidade, com cadastro na COMTUR, organizamos seu roteiro, acesso e liberação do veiculo de Fretamento Turístico com equipe de guias credenciados. Explore Ubatuba com a Caminhos das Trilhas: trilhas, cachoeiras, praias, vivências culturais e aventuras em meio à natureza com guias experientes. Empresa · Ubatuba, SP Agência de ecoturismo em Ubatuba com trilhas na Mata Atlântica, cachoeiras e praias desertas. Celular/WhatsApp: (12) 99904-6004 -CONTATO- FACEBOOK Ubatuba Ecotur INSTAGRAM @ubatubaecotur WHATSAPP Talita (12)99206-4265 Luan (12)99108-7300"
Caminhos das Trilhas - Ecoturismo em Ubatuba,https://reservas.caminhosdastrilhas.tur.br/,Ubatuba,trilha ecoturismo,+55 (12) 3832-1987,,@caminhos_das_trilhas_ubatuba,caminhosdastrilhas@gmail.com,True,"Uma trilha desafiadora que revela praias secretas, natureza exuberante e paisagens de tirar o fôlego, perfeita para os amantes de aventura e contato total com o verde!"
Passeios de Aventura em Ubatuba - Caminhos das Trilhas,https://reservas.caminhosdastrilhas.tur.br/contato,Ubatuba,trilha ecoturismo,+55 (11) 970916113,,@caminhos_das_trilhas_ubatuba,caminhosdastrilhas@gmail.com,True,"Explore Ubatuba com a Caminhos das Trilhas: trilhas, cachoeiras, praias, vivências culturais e aventuras em meio à natureza com guias experientes."
Agência de Turismo Ubatuba Ecotur - CONTATO,https://ubatubaecotur.com.br/contato,Ubatuba,trilha ecoturismo,(12)99206-4265,,@ubatubaecotur,,False,-CONTATO- FACEBOOK Ubatuba Ecotur INSTAGRAM @ubatubaecotur WHATSAPP Talita (12)99206-4265 Luan (12)99108-7300
Marina Barra Seca - Ubatuba,https://marinabarraseca.com.br/alugar_barco.php,Ubatuba,aluguel de barco,(12) 3833-5116,,@marinabarraseca.com.br,marinabarraseca@marinabarraseca.com.br,True,"Aluguel de Embarcação - 18 a 30 pés :: Atendimento :: Rua João Ferreira da Silva, 200 Praia Barra Seca - Ubatuba - SP (12) 3833-5116 - WhatsApp (12) 99108-0280 Email: marinabarraseca@marinabarraseca.com.br C&G Soluções Web"
Contato - Samsara Charter,https://samsaracharter.com.br/contato/,Ubatuba,aluguel de barco,(12) 99771-8588,,@samsaracharter,samsaracharter@uol.com.br,True,"Dados para contato com a Samsara Charter. Caso tenha dúvidas, queira fazer um orçamento ou reserva, fale com a Zeli."
Aluguel De Barco Em Ubatuba - Maré Alta Charter Náutico,https://marealtacharter.com.br/portfolio-item/locacao-barco-ubatuba/,Ubatuba,aluguel de barco,,,,,True,"Contando com uma central que presta atendimentos através de diversos canais (telefone, WhatsApp, e-mail e formulário de reservas online), a equipe está disponível em período integral para oferecer todo o suporte, esclarecimento de dúvidas e outros auxílios de que os clientes possam necessitar."
Aluguel de Barco em Ubatuba - naveguetemporada.com,https://naveguetemporada.com/aluguel-de-barco/ubatuba/,Ubatuba,aluguel de barco,+55 21 98814-3597,https://wa.me/5521988143597,@naveguetemporada,contato@naveguetemporada.com.br,True,Descubra como funciona o aluguel de barco em Ubatuba e como entrar em contato com a Navegue Temporada para fazer a sua reserva.
Ubatuba - Marina Barra Seca,https://marinabarraseca.com.br/embarcacoes.php,Ubatuba,aluguel de barco,(12) 3833-5116,,@marinabarraseca.com.br.,marinabarraseca@marinabarraseca.com.br,True,"Aluguel de Embarcações. :: Atendimento :: Rua João Ferreira da Silva, 200 Praia Barra Seca - Ubatuba - SP(12) 3833-5116 - WhatsApp (12) 99108-0280Email: marinabarraseca@marinabarraseca.com.br. Copyright 2007-2015 :: Marina Barra Seca ::: Desenvolvimento: C&G Soluções Web."
Passeios de Lancha - Ubatuba Boat | Ubatuba SP - Facebook,https://www.facebook.com/passeiodebarcoubatubaboat/,Ubatuba,passeio de barco,,,,,False,Já pensou juntar sua família ou seus melhores amigos para um passeio fantástico pelas praias mais belas de Ubatuba? Consulte nossos roteiros (álbuns em fotos) e disponibilidade através do Whatsapp (11) 98842.0962
UBABOATS - Passeio de Lancha e Dicas em Ubatuba | 11 98084-0017 ...,https://www.instagram.com/p/DclPpevpxFy/,Ubatuba,passeio de barco,(11) 94723-6865,,@rsrc.php,,True,"Ubatuba te espera com o melhor passeio de lancha! 🚤 Aproveite o veranico: dias de sol, mar calmo e aquele visual surreal que vale cada centavo. Mais de 2.000 famílias já confiaram na nossa experiência!👇 Siga nosso perfil e chame no WhatsApp (11) 94723-6865 para garantir sua vaga."
Costa Verde Boat Tours - Passeios de Barco em Ubatuba,https://costaverdeubatuba.com.br/,Ubatuba,passeio de barco,12 99200-7126,https://wa.me/5512992007126,@costaverdeubatuba,jirorafael811@gmail.com,True,"Oferecemos passeios privativos de lancha sob medida para você e sua família ou amigos. Explore as praias mais deslumbrantes e as ilhas escondidas de Ubatuba, conhecendo lugares exclusivos que só nós podemos levar você."
Passeios de Escuna e Lancha | Ubatuba (@ubatubapasseio) - Instagram,https://www.instagram.com/ubatubapasseio/,Ubatuba,passeio de barco,(12) 99194-8208,,@ubatubapasseio,,True,"375K Followers, 95 Following, 3,408 Posts - Passeios de Escuna e Lancha | Ubatuba (@ubatubapasseio) on Instagram: "" Passeios de Escuna e Lancha em Ubatuba (12) 99194-8208 | Felipe ⭐ Saídas diárias | Reserve pelo WhatsApp """
Fale Conosco | Verdes Mares Passeios de Lancha,https://verdesmaresubatuba.com.br/fale-conosco/,Ubatuba,passeio de barco,,,,,True,"Fale conosco e agende seu passeio de lancha em Ubatuba com a Verdes Mares! Atendimento rápido, praias paradisíacas e experiências inesquecíveis no mar."
Aulas de Surf em Ubatuba - Surf Ubatuba,https://surfubatuba.com.br/,Ubatuba,surf escola,,,@kaue.surfubatuba,,True,Uma nova forma de melhorar sua qualidade de vida e diminuir o seu estresse. CHAMAR NO WHATSAPP. Como funcionam as aulas? As aulas são realizadas na Praia Grande ou no Perequê Açu em Ubatuba-SP com duração de 1 hora.
Escola de Surf Ondas da Vida — Ubatuba,https://www.escoladesurfubatuba.com.br/,Ubatuba,surf escola,,https://wa.me/5512988842734,,,True,Escola de Surf Ondas da Vida — Ubatuba.
Escola de Surf DanBoard (@escoladesurfdanboard) - Instagram,https://www.instagram.com/escoladesurfdanboard/,Ubatuba,surf escola,0129974300,,@escoladesurfdanboard,,True,"2,420 Followers, 7,273 Following, 565 Posts - Escola de Surf DanBoard (@escoladesurfdanboard) on Instagram: ""Prof de Educação Física e Técnico de Surf pós graduado Aulas ministradas nas praias Caraguatatuba e Ubatuba WhatsApp 012997430065"""
teste - Surf Ubatuba,https://surfubatuba.com.br/aulas-de-surf-em-ubatuba/,Ubatuba,surf escola,,,@kaue.surfubatuba,,True,"A Surfuncional é uma escola de surf em Ubatuba, com aulas individuais e Surf Trips do iniciante ao intermediário. Tenha momentos inesquecíveis."
Aloha Surf Escola Ubatuba | Ubatuba SP - Facebook,https://www.facebook.com/100064047459150/,Ubatuba,surf escola,12 981413006,,,,False,"Agende a sua aula de surf no WhatsApp 12 981413006. Com os profissionais de Ed. Física Renan e Rodrigo. Professores com muita experiência no ensino do Surf, que oferecem uma metodologia única que fará você ter as bases necessárias desse esporte contagiante!"
Aulas de Surf em Ubatuba - Escola de Surf,https://surfschool.com.br/,Ubatuba,surf escola,,,,,True,"Na nossa escola de surf, você não apenas aprende a surfar, mas também cria os primeiros laços com outros apaixonados pelo esporte. A riqueza do surf está nas conexões que você forma, tornando o aprendizado mais leve e divertido enquanto socializa com amigos que compartilham da mesma paixão."
Telefone Ubatuba Surf - Centro - Ubatuba - Academias - Escolinhas ...,https://colegiosecursos.com.br/sp/ubatuba-surf-centro-ubatuba-academias-escolinhas-clubs-2423383,Ubatuba,surf escola,(12) 38321512,,,,True,"Se você quiser saber mais informações sobre horário de funcionamento, preços, além formas de pagamento (como cartão de crédito ou pix), a empresa está disponível para contato pelo telefone ou WhatsApp (12) 38321512."
Contato - Agende sua Aula de Surf em Ubatuba,https://surfpointubatuba.com.br/contato/,Ubatuba,surf escola,+55 12 99778-1768,https://wa.me/5512997781768,@toninhassurfpoint,,True,"Entre em contato conosco e para agendar suas aulas e conhecer nossa metodologia. Montamos pacotes de aulas personalizados, aulas em grupo com descontos especiais!"
Transfer Ubatuba - linaturismo.com.br,http://www.linaturismo.com.br/transfer-e-traslado/litoral/transfer-ubatuba,Ubatuba,transfer turístico,+55 11 95897-9692,,,,True,"Ubatuba é um dos destinos mais encantadores do litoral norte de São Paulo, repleto de praias paradisíacas, ilhas exuberantes e uma natureza preservada que encanta qualquer viajante. Se você está planejando conhecer esse paraíso, sua viagem merece começar da melhor forma: com um transfer profissional que garanta segurança, pontualidade e conforto desde a saída até a chegada."
Setur tem novo canal de atendimento com população e trade turístico,https://www.ubatuba.sp.gov.br/noticias/whatsturismo/,Ubatuba,transfer turístico,(12) 3833-9007,,@ubatubapref,,True,"A Secretaria de Turismo de Ubatuba (Setur) passa a contar com atendimento via WhatsApp pelo número (12) 3833-9007, ampliando seus canais de comunicação com a população. A medida busca facilitar o acesso a informações, agilizar o atendimento e fortalecer o vínculo entre os cidadãos e os serviços disponibilizados pela pasta."
Setur de Ubatuba lança atendimento via WhatsApp,https://jornalagoralitoralnorte.com.br/setur-ubatuba-atendimento-whatsapp-turismo/,Ubatuba,transfer turístico,(12) 3833-9007,,,,True,"Setur amplia canais de atendimento ao público e ao trade turístico em Ubatuba A Secretaria de Turismo de Ubatuba passou a disponibilizar atendimento via WhatsApp pelo número (12) 3833-9007, com o objetivo de ampliar a comunicação com moradores, visitantes e empresas do setor turístico. A iniciativa foi anunciada nesta segunda-feira (13) e, segundo a pasta, busca facilitar o acesso a ..."
Ubatuba amplia atendimento ao turismo com canal de WhatsApp da Setur,https://www.agoralitoralnorte.com.br/post/66580/ubatuba-amplia-atendimento-ao-turismo-com-canal-de-whatsapp-da-setur,Ubatuba,transfer turístico,(12) 3833-9007,,@AgoraLitoralNorte,,True,"Setur amplia canais de atendimento ao público e ao trade turístico em Ubatuba A Secretaria de Turismo de Ubatuba passou a disponibilizar atendimento via WhatsApp pelo número (12) 3833-9007, com o objetivo de ampliar a comunicação com moradores, visitantes e empresas do setor turístico."
COMTUR - Companhia Municipal de Turismo de Ubatuba,https://comturubatuba.com.br/,Ubatuba,transfer turístico,,,@comtur_ubatuba,turismo@comturubatuba.com.br,True,"A circulação e o estacionamento de veículos de fretamento em vias públicas do município de Ubatuba está estritamente proibida, conforme a Lei Complementar nº 26/2022, excetuando-se o acesso para embarque e desembarque. O descumprimento poderá ocasionar em multa de R$ 6.400,00 corrigidos anualmente pelo IGPM-FGV,ou índice que puder substituir para a empresa de fretamento."
Contato - COMTUR - comturubatuba.com.br,https://comturubatuba.com.br/contato/,Ubatuba,transfer turístico,(12) 3833-7006,,@comturubatuba.com.br,turismo@comturubatuba.com.br,True,"Contato e Suporte Precisa de Ajuda ou tem dúvidas? Entre em contato conosco preenchendo o formulário abaixo, ou: turismo@comturubatuba.com.br (12) 3833-7006, (12) 3199-1378 ou (12) 3199-1379 e-SIC (Pedidos de Informação Pública) - Acesse: Serviço de Informação ao Cidadão da Prefeitura de Ubatuba"
KAIMARES TURISMO — transporte turístico — Ubatuba/SP,https://www.supertur.com.br/empresa/kaimares-turismo-ltda-ubatuba-sp,Ubatuba,transfer turístico,,,,,True,"Transportadora Turística em Ubatuba/SP · registro Cadastur vigente, conferido na base do Ministério do Turismo · telefone do cadastro público."
Atendimento Comercial e Turístico - UG Ubatuba Guide,https://ubatubaguide.com.br/contato/,Ubatuba,transfer turístico,,,,,False,Contatos comerciais e atendimento público com dicas e orientações turísticas de Ubatuba.
Passeios de lancha em São Sebastião e Ilhabela | São Sebá Tur,https://saosebatur.com.br/,São Sebastião,passeio de lancha,,https://wa.me/5512982522850,@saoseba.tur,contato@saosebatur.com.br,True,"Descubra os encantos do canal de São Sebastião e Ilhabela com nossos passeios de lancha. Oferecemos roteiros incríveis, avistamento de baleias e lanchas equipadas para sua comodidade. Venha viver uma experiência única em alto-mar!"
Passeios de lancha em São Sebastião e Ilhabela | São Sebá Tur,https://saosebatur.com.br/lanchas,São Sebastião,passeio de lancha,,https://wa.me/5512982522850,@saoseba.tur,contato@saosebatur.com.br,True,"Explore as belezas do Canal de São Sebastião e Ilhabela com nossos passeios de lancha. Oferecemos experiências inesquecíveis, avistamento de baleias e roteiros incríveis."
alugominhalancha.com.br,https://alugominhalancha.com.br/,São Sebastião,passeio de lancha,,https://wa.me/11981818179,,,True,"Reserve sua lancha em São Sebastião e Ilhabela através do Whatsapp de forma simples e rápida. RESERVE AGORA. Navegue com Estilo. Descubra o prazer de navegar com a NX 340 Sport Coupé, uma lancha sofisticada e confortável, perfeita para explorar as águas cristalinas de São Sebastiãoe Ilhabela."
"Aluguel de Lanchas e Barcos para Passeio, Pesca e Mergulho",https://www.facebook.com/alugueldelanchasaosebatur/,São Sebastião,passeio de lancha,12)982522850,,,,False,"Aluguel de Lanchas (chaters), Barcos para pesca esportiva em alto mar e passeios, Escunas, em São Sebastião e Região. Whatsapp: (012)982522850. Que tal antes de chegar em Castelhanos, dar aquela parada em Eustáquio ?"
Passeios de Lancha em Grupo em São Sebastião,https://wavehunter.com.br/passeios-compartilhados,São Sebastião,passeio de lancha,+55 (11) 994799800,,@wavehunter25,,True,Descubra praias incríveis em passeios compartilhados de lancha. Experiência completa com ótimo custo-benefício.
Contato - Green Way,https://www.greenway.com.br/contato/,São Sebastião,passeio de lancha,(12) 997671965,,@greenwaybrasil,greenwaybrasil@hotmail.com,True,"Localização Ficamos no canto direito da Praia de Juquehy. Nossa tenda azul fica na praia na frente da rampa da Rua Margarida. Endereço: Rua Judith, 39. Juquehy, São Sebastião, SP."
"Agenor Passeios de Lancha em São Sebastião, SP - Solutudo",https://www.solutudo.com.br/empresas/sp/s-sebastiao/transporte-turismo-aquaviario/agenor-passeios-de-lancha-430740,São Sebastião,passeio de lancha,(12) 98223-4450,https://wa.me/5512982234450,@solutudobrasil,,True,"A empresa Agenor Passeios de Lancha do segmento de Transporte - Turismo Aquaviário está localizada em São Sebastião, SP. Entre em contato pelo WhatsApp ou veja outros contatos como telefone logo acima."
Turismo São Sebastião - SP | São Sebastião SP - Facebook,https://www.facebook.com/TurismoSaoSebastiao/,São Sebastião,agência de turismo,,,,,False,"Turismo São Sebastião - SP, São Sebastião. 76,523 likes · 365 talking about this · 180 were here. Praias maravilhosas, natureza exuberante, gente animada..."
Contato - São Sebastião,https://www.turismosaosebastiao.com.br/entre-em-contato,São Sebastião,agência de turismo,(12) 3892-2620,,@turismosaosebastiao,turismo.setur@saosebastiao.sp.gov.br,True,Envie sua mensagem e entraremos em contato.
Turismo São Sebastião,https://www.turismosaosebastiao.com.br/,São Sebastião,agência de turismo,(12) 3892-2620,,@turismosaosebastiao,,True,Fale com a Secretaria de Turismo. (12) 3892-2620. em São Sebastião . Descubra a cidade e encante-se com sua beleza natural e histórica .
PMSS - Prefeitura Municipal de São Sebastião,https://www.saosebastiao.sp.gov.br/setur.asp,São Sebastião,agência de turismo,(12) 3892-2620,,@saosebastiao.sp.gov.br.,turismo.setur@saosebastiao.sp.gov.br,True,"Endereço: Rua Expedicionários Brasileiros, 181 - Centro. Telefone: (12) 3892-2620. E-mail: turismo.setur@saosebastiao.sp.gov.br. Horário de Atendimento: 09h às 17h."
"Agencia De Turismo em São Sebastião, SP - AppLocal",https://applocal.com.br/empresas/agencia-de-turismo/sao-sebastiao/sp,São Sebastião,agência de turismo,,,,,False,"Localize aqui mais de 40 empresas de Agencia De Turismo em São Sebastião, SP. Veja WhatsApp, Telefones, Endereços, Como Chegar e muito mais. Acesse agora no AppLocal."
Descubra o melhor de São Sebastião | São Sebastião Turismo,https://www.saosebaturismo.com.br/,São Sebastião,agência de turismo,,https://wa.me/5519994899824,,,True,"Natureza, cultura e experiências na costa norte de São Paulo. Explore praias, alimentação, hospedagem, serviços e eventos em um só lugar."
Compare agências de viagens e turismo em São Sebastião - SP e fale por ...,https://www.listamais.com.br/categoria/Bf7D-1848/agencias-de-viagens-e-turismo-em-sao-sebastiao-sp,São Sebastião,agência de turismo,1238652545,,,atendimento@listamais.com.br,True,"Esta página reúne uma seleção de agências de viagens e turismo em São Sebastião - SP para facilitar sua pesquisa. Você pode comparar diferentes empresas com base em informações como endereço, telefone, WhatsApp, fotos, avaliações de clientes e solicitar orçamentos diretamente."
"Pousada em São Sebastião, SP | Entre em contato | Chez Louise ...",https://www.louiselouis.com.br/contato,São Sebastião,pousada,+55 (12) 3863-2825,,@louiselouis.com.br,pousada@louiselouis.com.br,True,"ENTRE EM CONTATO: Av. Mãe Bernarda, 1563 - Juquehy São Sebastião, SP - Brasil Telefone: +55 (12) 3863-2825 WhatsApp: +55 12 99613-1210 Email: pousada@louiselouis.com.br"
"Contato | Hotel Pousada Garoupas em São Sebastião, SP",https://www.pousadagaroupas.com.br/contato,São Sebastião,pousada,+55 12 3892-2763,,@pousada_garoupas,meuemail@email.com.br,True,"Entre em contato com o Hotel Pousada Garoupas para dúvidas ou reservas em São Sebastião, SP. Telefone, WhatsApp e formulário disponíveis."
Contatos | Pousada Casarão | São Sebastião,https://www.casaraopousada.com.br/contatos,São Sebastião,pousada,(12) 3865-1690,,@pousada_casarao,casarao.pousada@gmail.com,True,Entre em contato com a Pousada Casarão para reservas ou dúvidas. Utilize nosso formulário ou WhatsApp para atendimento rápido.
Pousada Ipê - São Sebastião - Bem-vindo à Pousada Ipê,https://pousadaipesaosebastiao.com.br/,São Sebastião,pousada,,,@pousadaipesaosebastiao,pousadaipesaosebastiao@gmail.com,True,"A charmosa Pousada Ipê localiza-se no centro histórico de São Sebastião (SP), a poucos passos de atrações locais como a Igreja Matriz e a menos de um quilômetro da Balsa São Sebastião – Ilhabela."
CONTATO - Pousada Villa Blu,https://villablumaresias.com.br/contato/,São Sebastião,pousada,+55 12 3865-5074,https://wa.me/5512991660955,@pousadavillablu,contato@villablumaresias.com.br,True,"Uma pousada completa no coração da praia de Maresias, em uma rua tranquila, com conforto, comodidade, piscina aquecida, café da manhã, mirante e tudo que você precisa para viver uma viagem inesquecível."
CONTATO | Pousada Canto Mágico,https://www.pousadacantomagico.com/contato,São Sebastião,pousada,(12) 3865-6400,,@pousadacantomagico,cantomagico@cantomagico.com.br,True,"FAÇA JÁ A SUA RESERVA COMO CHEGAR R. Sudelpa, 264 - Praia de Maresias São Sebastião - São Paulo 11628-314 A pousada está localizada a 5 minutos da praia, usando carro ou 15 minutos a pé. Essa pequena distância garante uma localização privilegiada em meio a natureza exuberante de Maresias."
Scubadodive Mergulho | São Sebastião SP - Facebook,https://www.facebook.com/scubadodive.mergulho/,São Sebastião,mergulho,(12) 97403-9903,,,,False,"Oferecemos:⠀ 📚Treinamento Náutico Arrais⠀ 👨🏫Despachante Náutico⠀ 🚤Passeios Náuticos⠀ 🚤Garagem Náutica⠀ 🚙Estacionamento Ônibus⠀ ⠀ 📍Ficamos em R. Benedito R Santos, 98 - Varadouro, São Sebastião - SP, 11600-000⠀ 📞Entre em contato pelo Direct ou pelo Whatsapp (12) 97403-9903⠀ ⠀ ⠀ # ..."
MR Mergulho e Aventura - Cursos de Mergulho em São Sebastião,https://www.solutudo.com.br/empresas/sp/s-sebastiao/cursos-de-mergulho/mr-mergulho-e-aventura-21757735,São Sebastião,mergulho,(48) 99637-3407,https://wa.me/5548996373407,@solutudobrasil,,True,"A empresa MR Mergulho e Aventura do segmento de Cursos de Mergulho está localizada no bairro Praia Grande na cidade de São Sebastião, SP. Entre em contato pelo WhatsApp ou veja outros contatos como endereço e telefone logo acima."
Centro Náutico e Subaquático | São Sebastião/SP (@scubadodivemergulho ...,https://www.instagram.com/scubadodivemergulho/,São Sebastião,mergulho,,,@rsrc.php,,True,"🌊 Mergulhos, passeios e cursos em São Sebastião e Ilhabela👨🏫 Ideal para iniciantes e apaixonados pelo mar 📲 Reserve seu mergulho pelo link 👇."
ESCOLA E OPERADORA DE MERGULHO SCUBADODIVE ADVENTURE em São Sebastião ...,https://www.escolasbrasil.com/sobre/escola-e-operadora-de-mergulho-scubadodive-adventure,São Sebastião,mergulho,(12) 97403-9903,,,,True,"Informações sobre ESCOLA E OPERADORA DE MERGULHO SCUBADODIVE ADVENTURE em São Sebastião 📙 » Empresa de Escolas Brasil perto de Você! Endereço, whatsapp, telefone, mapa, como chegar CLIQUE AQUI"
Início - Scubadodive Mergulho,https://scubadodive.com.br/,São Sebastião,mergulho,(12) 97403-9903,https://wa.me/5512974039903,@scubadodivemergulho,,True,"Mas como essa foi nossa atividade primária, oferecemos hoje cursos do iniciante ao avançado, e também mergulhos de turismo pela região de São Sebastião e Ilhabela!"
Topa viver as aventuras de mergulhar em lugares incríveis. WhatsApp ...,https://www.facebook.com/Diving.Club.br/videos/topa-viver-as-aventuras-de-mergulhar-em-lugares-incríveis-whatsapp-21988649984-m/2284638435642116/,São Sebastião,mergulho,21988649984,,,,True,Topa viver as aventuras de mergulhar em lugares incríveis. WhatsApp 21988649984 #mar #aventuras #mergulho
Escola e Operadora de mergulho Scubadodive Adventure Turismo,https://www.cylex.com.br/sao-sebastiao-caraguatatuba/escola-e-operadora-de-mergulho-scubadodive-adventure-turismo-13081019.html,São Sebastião,mergulho,(12) 97403-9903,,,,False,"Escola e Operadora de mergulho Scubadodive Adventure Turismo, São Sebastião, SP Chamar (12) 97403-9903"
Scubadodive Adventure Escola Náutica - São Sebastião - eNauti,https://enauti.com/escolas/sao-paulo/scubadodive/,São Sebastião,mergulho,(12) 97403-9903,,@enauticursos,pradoasp87@gmail.com,True,Chame seus familiares e amigos para um passeio em veleiro na região de Ilhabela e São Sebastião. Entre em contato para combinar seu itinerário e para mais informações.
"ECOS DA TRILHA em São Sebastião SP | Fotos, Telefone e WhatsApp",https://www.ferias.tur.br/empresa/1171/ecosdatrilha/,São Sebastião,trilha ecoturismo,,,,,True,"ECOS DA TRILHA em São Sebastião - SP. Veja fotos, endereço, telefone e fale direto pelo WhatsApp. Consulte disponibilidade e valores no Portal Férias."
Turismo São Sebastião,https://www.turismosaosebastiao.com.br/ecoturismo,São Sebastião,trilha ecoturismo,(12) 3892-2620,,@turismosaosebastiao,,True,"O Núcleo São Sebastião do Parque Estadual da Serra do Mar (26.268 ha) conecta a serra ao mar, oferecendo praias intocadas, costões rochosos, aquários naturais, manguezais e mais de 50 cachoeiras catalogadas."
Eco Adventure TMA | São Sebastião SP - Facebook,https://www.facebook.com/Eco-Adventure-TMA-408254066677001/,São Sebastião,trilha ecoturismo,0129821413,,,,False,"Nov 8, 2022 Ente em contato via whatsapp 012982141304 agende sua trilha e Rapel 85 metros de altura com visual incrível vagas e ecotur disponível para você família amigos e amigas garanta sua aventura. Ditinho Oliveira and Mary Oliver 2 Eco Adventure TMA is in Praia Da Paúba,"
Ecoturismo | Turismo Ecológico em S Sebastião | WhatsApp e telefone,https://www.solutudo.com.br/empresas/sp/s-sebastiao/turismo-ecologico/ecoturismo-415106,São Sebastião,trilha ecoturismo,(12) 99746-0866,https://wa.me/5512997460866,@solutudobrasil,,True,"A empresa Ecoturismo do segmento de Turismo Ecológico está localizada em São Sebastião, SP. Entre em contato pelo WhatsApp ou veja outros contatos como telefone logo acima."
Trilhas em São Sebastião - São Sebastião - saosebastiao.tur.br,https://saosebastiao.tur.br/web/trilhas-em-sao-sebastiao/,São Sebastião,trilha ecoturismo,,,,,True,"Em São Sebastião isso é possível em várias trilhas, com opções para todos os tipos de trekkers, desde iniciantes até os mais escolados. A trilha mais famosa é a do Ribeirão do Itú, que parte da estrada do Rio Pardo, em direção a Salesópolis, até Boiçucanga."
Barcos Maresias Pesca&Passeio | São Sebastião SP - Facebook,https://www.facebook.com/profile.php/?id=100063624550558,São Sebastião,aluguel de barco,,,,,False,"Barcos Maresias Pesca&Passeio, São Sebastião. 2,152 likes · 5 were here. Fretamento de barcos e lanchas para pesca e passeios em São Sebastião e Ilhabela"
Aluguel Barco São Sebastião com ou sem capitão - Click&Boat,https://www.clickandboat.com/pt/aluguer/pais-brasil/provincia-sao-sebastiao/cidade-sao-sebastiao,São Sebastião,aluguel de barco,,,,,True,"Com mais de 55.000 barcos particulares disponíveis para aluguel com ou sem capitão (iates, veleiros, lanchas, catamarãs, semirrígidos, etc), a Click&Boat é líder no aluguel de barcos online."
"ecomarturismo em São Sebastião SP | Fotos, Telefone e WhatsApp",https://www.ferias.tur.br/empresa/27875/ecomarturismo/,São Sebastião,aluguel de barco,1000032405,,,,True,"ecomarturismo em São Sebastião - SP. Veja fotos, endereço, telefone e fale direto pelo WhatsApp. Consulte disponibilidade e valores no Portal Férias."
Sgt. Popeye pescarias em alto mar | São Sebastião SP - Facebook,https://www.facebook.com/oliveiraneto2010/,São Sebastião,aluguel de barco,,,,,False,PROVIDENCIAMOS A AUTORIZAÇÃO JUNTO A SECRETÁRIA DE TURISMO PARA QUE SEU VEÍCULO (VAN OU ÔNIBUS) POSSA ADENTRAR AO MUNICÍPIO. TEMOS ESTACIONAMENTO. ENTRE EM CONTATO VIA WHATSAPP - (12) 98142.3747 E PELO FONE (12)
Aluguel de Barco em São Sebastião - Navegue Temporada,https://naveguetemporada.com/aluguel-de-barco/sao-sebastiao/,São Sebastião,aluguel de barco,+55 21 98814-3597,https://wa.me/5521988143597,@naveguetemporada,contato@naveguetemporada.com.br,True,"Ao alugar um barco em São Sebastião, você tem a chance de visitar alguns dos cenários mais impressionantes do litoral paulista — muitos deles acessíveis apenas por embarcação."
Aluguel de Lancha em São Sebastião - naveguetemporada.com,https://naveguetemporada.com/aluguel-de-barco/sao-sebastiao/lancha/,São Sebastião,aluguel de barco,+55 (21) 98814-3597,https://wa.me/5521988143597,@naveguetemporada,contato@naveguetemporada.com.br,True,Alugue uma lancha em São Sebastião com marinheiro incluso. Desfrute de passeios exclusivos pelas praias e ilhas paradisíacas. Reserve agora!
Aluguéis de Barco São Sebastião com ou sem capitão - Oceans Evasion,https://www.oceans-evasion.com/pt/aluguer/pais-brasil/provincia-sao-sebastiao/cidade-sao-sebastiao,São Sebastião,aluguel de barco,,,,,True,"Océans Évasion tem sido especialista em aluguel de barcos desde 1992. Após ser adquirida pelo grupo Click&Boat em 2019, possui mais de 10.000 catamarãs e veleiros para aluguel no mundo inteiro, com ou sem capitão e tripulação."
passeio-3h – Marina Vitória,https://marinavitoria.com.br/passeio-3h/,São Sebastião,passeio de barco,(12) 3865-1748,,@marinavitoria_nautica,,True,"Tel: (12) 3865-1748 WhatsApp: (12) 97402 0071 · Sobre Nós · Serviços · Passeios · Contatos · Localização · Toggle menu · O roteiro tradicional visita A Ilha dos Gatos, Ilha das Couves e a Ilha das Ilhas, consideradas as mais paradisíacas Ilhas de São Sebastião."
Popeye Passeios | São Sebastião SP | Facebook,https://www.facebook.com/popeyepasseios/,São Sebastião,passeio de barco,+55 12 99740-6400,,@gmail.com,popeyepasseios@gmail.com,False,"Passeios de lancha 16 pés para até 6 pessoas Duração de 3 horas para As ilhas, Ilha das Couves, Page · Boat Tour Agency · São Sebastião, SP, Brazil · +55 12 99740-6400 · +55 12 99740-6400 · popeyepasseios@gmail.com · popeyepasse..."
"Passeio de Lancha e Turismo Náutico em Ilhabela, São Sebastião e Caraguá | Poseidon Passeios",https://www.poseidonpasseios.com.br/,São Sebastião,passeio de barco,(12) 99210-6321,https://wa.me/5512992106321,@poseidonpasseioslitoralnorte,,True,"Passeios de lancha e turismo náutico em Ilhabela, São Sebastião e Caraguá. Experiências exclusivas com conforto, roteiros incríveis e atendimento Poseidon."
Escuna Pirata | Passeio Litoral | São Sebastião,https://www.passeiolitoral.com.br/,São Sebastião,passeio de barco,(12) 98140-8412,https://wa.me/5512981408412,,contato@passeiolitoral.com.br,True,"Aluguel de embarcações⚓️🛥 Passeios de escuna, lanchas e barcos de pesca. Chama a gente no WhatsApp e faça sua reserva 📲 👇🏻"
On Escola de Surf - Praia do Guaecá | São Sebastião - SP,https://www.onescoladesurf.com.br/,São Sebastião,surf escola,+55 12 99715-0885,,@odarci_teco_nonato_,onescoladesurf@gmail.com,True,"Atendimento Escola de Surf Domingo - Domingo: 09:00 - 16:00 Local Praia do Guaecá, São Sebastião|SP WhatsApp +55 12 99715-0885 Aprenda a surfar com um profissional"
Contato - On Escola de Surf,https://www.onescoladesurf.com.br/contato/,São Sebastião,surf escola,+55 12 99715-0885,,@gmail.com,onescoladesurf@gmail.com,True,Infos de Contato Praia do Guaecá - São Sebastião.SP WhatsApp: +55 12 99715-0885 Email: onescoladesurf@gmail.com
Escola de Surf Raízes - Escola de Esportes Aquáticos em São Sebastião,https://www.solutudo.com.br/empresas/sp/s-sebastiao/escola-de-esportes-aquaticos/escola-de-surf-raizes-418639,São Sebastião,surf escola,(12) 99661-1636,https://wa.me/5512996611636,@solutudobrasil,,True,"A empresa Escola de Surf Raízes do segmento de Escola de Esportes Aquáticos está localizada no bairro Boracéia na cidade de São Sebastião, SP. Entre em contato pelo WhatsApp ou veja outros contatos como endereço e telefone logo acima."
Escola Surf Stand Up Boas Ondas - Escolas - Studios de Dança em São ...,https://www.solutudo.com.br/empresas/sp/s-sebastiao/escolas-studios-de-danca/escola-surf-stand-up-boas-ondas-374142,São Sebastião,surf escola,(12) 99759-0968,https://wa.me/5512997590968,@solutudobrasil,,True,"A empresa Escola Surf Stand Up Boas Ondas do segmento de Escolas - Studios de Dança está localizada no bairro Baleia na cidade de São Sebastião, SP. Entre em contato pelo WhatsApp ou veja outros contatos como endereço e telefone logo acima."
Aula De Surf | Aulas De Yoga - Experiência Litoral | São Paulo,https://www.experiencialitoral.com.br/,São Sebastião,surf escola,12) 98170-3008,,@experiencia_litoral,joca.yoga@hotmail.com,True,"A escolinha de surf Experiência Litoral iniciou em 2020 com os surfistas Joaquim Puertas e Pedro Tanaka. As aulas começaram na praia do Guaeca e também se estendem a outras praias, de acordo com as condições do mar."
"ESCOLA DE SURF | SÃO SEBASTIÃO, SP (@on_escoladesurf) - Instagram",https://www.instagram.com/on_escoladesurf/,São Sebastião,surf escola,,,@on_escoladesurf,,True,"1,901 Followers, 1,638 Following, 296 Posts - ESCOLA DE SURF | SÃO SEBASTIÃO, SP (@on_escoladesurf) on Instagram: ""🏄♂️Escola de Surf | Todos os níveis Professor: @odarci_teco_nonato_ Surfista Local & Profissional há 14 anos 🌊 Do primeiro drop à sua melhor manobra"""
Escola de Surf Meio da Baleia | São Sebastião SP - Facebook,https://www.facebook.com/escoladesurfmeiodabaleia/,São Sebastião,surf escola,(11) 99512-9012,,@surfmeiodabaleia,,False,Se você tem interesse em fazer um agendamento para aulas de surf na nossa escola entre em contato pelo WhatsApp (11) 99512-9012 ou pelo link na bio @surfmeiodabaleia Nosso horário de funcionamento é das 8:30 as 17:30.
Escola De Surf Raízes,https://raizessurf.com.br/escola-de-surf/,São Sebastião,surf escola,13 98158-0557,https://wa.me/5513981580557,,contato@raizessurf.com.br,True,"Localizada na Praia de Boracéia, São Sebastião/SP, uma das melhores praias da região para aprender a surfar, a Escola de Surf Raízes oferece Aulas de Surf Particulares, ou Individuais, Aulas em Grupo, Eventos, além de oferecer pacotes promocionais à partir de 5 aulas por aluno."
Transfer São Paulo ⇄ São Sebastião - Tack Turismo,https://tackturismo.com.br/viagem/transfer-sao-paulo-⇄-sao-sebastiao/,São Sebastião,transfer turístico,(11) 9 7649-7328,,@tackturismo,reservas@tackturismo.com.br,True,"Descritivo do serviço: Transporte para São Sebastião, destino de praias, vila histórica, gastronomia e fácil acesso a Ilhabela por balsa. Observações: Serviço sujeito à disponibilidade."
Táxi para São Sebastião — Transfer de São Paulo | Taxi Nex SP,https://taxinexsp.com.br/taxi-sao-sebastiao/,São Sebastião,transfer turístico,(11) 98885-5290,https://wa.me/5511988855290,,,True,"Entre em contato pelo WhatsApp informando seu endereço de origem em São Paulo, o destino em São Sebastião — praia, pousada, hotel ou Terminal Aquaviário — e a data e horário desejados."
"RB Transfer | Transporte SP, Litoral Norte e Todo Brasil",https://rbtransfer.online/,São Sebastião,transfer turístico,(11) 97965-2391,https://wa.me/5511979652391,,,True,Pronto para Viajar com Segurança? Entre em contato agora pelo WhatsApp e garanta sua viagem com a confiança de 35 anos de experiência em estradas.
Transfer & Receptivo | (71) 99974-2466 WhatsApp | Orçamento,https://transferereceptivo.com.br/fale-conosco/,São Sebastião,transfer turístico,,,,,False,Entre em Contato! Estamos à disposição para lhe atender ou esclarecer as suas dúvidas. Preencha o Formulário de Contato e Fale Conosco! Você receberá uma cópia da mensagem em seu e-mail.
Transfer Juquehy - São Sebastião - SP - CHM Transportes,https://chmtransportes.com.br/transfer-juquehy-chm-transportes,São Sebastião,transfer turístico,+55 19 98178-1751,https://wa.me/5519981781751,@chmtransportes,,True,"Transfer privativo e agendado com a CHM Transportes para Juquehy - São Sebastião - SP, em São Sebastião, com atendimento para Aeroportos, Hotéis, Empresas, Eventos, turismo e traslados executivos. Atendimento seguro, pontual e sem compartilhamento — com Motorista dedicado e suporte no WhatsApp."
